,Company,Revenue,Profit,Asset,Equity,CEO,Country,Industry,Employee
0,荷兰皇家壳牌石油公司,352106.0,15842.0,404336,186476,Ben van Beurden,荷兰,炼油,83000
1,埃克森美孚,264938.0,14340.0,362597,191650,Darren W. Woods,美国,炼油,74900
2,沃尔玛,523964.0,14881.0,236495,74669,C. Douglas McMillon,美国,综合商业,2200000
3,英国石油公司,282616.0,4026.0,295194,98412,Bernard Looney,英国,炼油,72500
4,雪佛龙,146516.0,2924.0,237428,144213,Michael K. Wirth,美国,炼油,48200
5,道达尔公司,176249.0,11267.0,273294,116778,Patrick PouyannÃ©,法国,炼油,107776
6,康菲石油公司,36670.0,7189.0,70514,34981,Ryan M. Lance,美国,采矿、原油生产,10400
7,荷兰国际集团,36990.3,4368.5,997274.8,57237.9,Steven van Rijswijk,荷兰,银行：商业储蓄,55063
8,中国石油化工集团公司,407008.8,6793.2,317515.7,107742.4,Zhang Yuzhuo,中国,炼油,582648
9,丰田汽车公司,275288.3,19096.2,487465.9,185626.1,Akio Toyoda,日本,车辆与零部件,359542
10,日本邮政控股公司,109914.7,4449.3,2647343.8,100029.1,Hiroya Masuda,日本,人寿与健康保险（股份）,245472
11,通用电气公司,95214.0,-4979.0,266048,28316,H. Lawrence Culp Jr.,美国,工业机械,205000
12,中国石油天然气集团公司,379130.2,4443.2,608085.6,282758.1,Li FanRong,中国,炼油,1344410
13,大众公司,282760.2,15542.0,547810.9,136687,Herbert Diess,德国,车辆与零部件,671205
14,国家电网公司,383906.0,7970.0,596616.3,251478.2,Xin Baoan,中国,公用设施,907677
15,埃尼石油公司,79513.2,165.7,138549.1,53694.5,Claudio Descalzi,意大利,炼油,32053
16,通用汽车公司,137237.0,6732.0,228037,41792,Mary T. Barra,美国,车辆与零部件,164000
17,福特汽车公司,155900.0,47.0,258537,33185,James P. Hackett,美国,车辆与零部件,190000
18,安联保险集团,130358.8,8857.8,1134954,83059.8,Oliver BÃ¤te,德国,人寿与健康保险（股份）,147268
19,汇丰银行控股公司,98673.0,7383.0,2715152,183955,Noel P. Quinn,英国,银行：商业储蓄,235351
20,俄罗斯天然气工业股份公司,118009.1,18593.0,352397.7,227147.1,Alexey B. Miller,俄罗斯,能源,473800
21,戴姆勒股份公司,193346.1,2660.5,339456.4,68852.5,Ola KÃ¤llenius,德国,车辆与零部件,298655
22,法国巴黎银行,85058.0,9147.7,2429673.9,120605.2,Jean-Laurent BonnafÃ©,法国,银行：商业储蓄,194001
23,家乐福,85905.2,1263.6,57020.2,11156.7,Alexandre Bompard,法国,食品店和杂货店,321383
24,意昂集团,46861.1,1752.8,110630.5,10188,Johannes Teyssen,德国,能源,78948
25,安赛乐米塔尔,70615.0,-2454.0,87908,38521,Lakshmi N. Mittal,卢森堡,金属产品,191248
26,美国电话电报公司,181193.0,13903.0,551669,184221,John T. Stankey,美国,电信,247800
27,西门子,97936.7,5834.5,163785.3,52461.1,Josef Kaeser,德国,工业机械,385000
28,墨西哥石油公司,72820.4,-18038.7,101602,-105765.6,Octavio Romero Oropeza,墨西哥,采矿、原油生产,125735
29,惠普公司,58756.0,3152.0,33467,-1193,Enrique J. Lores,美国,计算机、办公设备,56000
30,瓦莱罗能源公司,102729.0,2422.0,53864,21803,Joseph W. Gorder,美国,炼油,10222
31,巴西国家石油公司,76589.0,10151.0,229740,73323,Roberto Castello Branco,巴西,炼油,57983
32,西班牙国家银行,88256.8,7292.0,1709072.9,112319.7,JosÃ© Antonio  Ãlvarez,西班牙,银行：商业储蓄,189769
33,Equinor公司,64357.0,1843.0,118063,41139,Eldar Saetre,挪威,炼油,21412
34,美国银行,113589.0,27430.0,2434079,264810,Brian T. Moynihan,美国,银行：商业储蓄,208131
35,花旗集团,103449.0,19401.0,1951158,193242,Michael L. Corbat,美国,银行：商业储蓄,200000
36,三星电子,197704.6,18453.3,304907.5,220457.9,Hyun-Suk Kim /Ki-Nam Kim,韩国,电子、电气设备,287439
37,伯克希尔－哈撒韦公司,254616.0,81417.0,817729,424791,Warren E. Buffett,美国,财产与意外保险（股份）,391500
38,麦克森公司,231051.0,900.0,61247,5092,Brian S. Tyler,美国,批发：保健,70000
39,法国兴业银行,56851.6,3635.3,1522314.5,71302.7,FrÃ©dÃ©ric OudÃ©a,法国,银行：商业储蓄,129586
40,日本电报电话公司,109447.7,7866.9,212955.8,83844.8,Jun Sawada,日本,电信,319039
41,国际商业机器公司,77147.0,9431.0,152186,20841,Arvind Krishna,美国,信息技术服务,383800
42,法国农业信贷银行,104971.8,5421.7,1984002.5,70621.4,Philippe Brassac,法国,银行：商业储蓄,73037
43,意大利忠利保险公司,105920.9,2988.4,577557.9,31831.3,Philippe R. Donnet,意大利,人寿与健康保险（股份）,71936
44,雀巢公司,92106.9,12546.2,123858.7,50375.1,Ulf Mark Schneider,瑞士,食品：消费产品,291000
45,摩根大通公司,142422.0,36431.0,2687379,261330,James Dimon,美国,银行：商业储蓄,256981
46,本田汽车,137331.5,4191.8,189335.3,74139.5,Takahiro Hachigo,日本,车辆与零部件,218674
47,日立,80639.0,805.7,91885.6,29240.2,Toshiaki Higashihara,日本,电子、电气设备,301056
48,Engie集团,67220.4,1101.3,179351.7,37136.8,Claire Waysand,法国,能源,171103
49,德国邮政敦豪集团,70894.9,2935.8,58554.5,15844.9,Frank Appel,德国,邮件、包裹及货物包装运输,504871
50,威瑞森电信,131868.0,19265.0,291727,61395,Hans E. Vestberg,美国,电信,135000
51,乐购,82699.7,1240.0,66794.9,16953.5,Dave J. Lewis,英国,食品店和杂货店,293963
52,法国电力公司,80277.6,5769.8,340406,52153.4,Jean-Bernard LÃ©vy,法国,公用设施,161522
53,联合信贷集团,27168.9,3775.3,960378.2,68933.3,Jean Pierre Mustier,意大利,银行：商业储蓄,84245
54,巴斯夫公司,70722.5,9425.3,97592.7,46576.2,Martin BrudermÃ¼ller,德国,化学品,117628
55,嘉德诺,145534.0,1363.0,40963,6328,Michael C. Kaufmann,美国,批发：保健,49500
56,德国电信,90134.9,4328.2,191562.3,35587.9,Timotheus HÃ¶ttges,德国,电信,210533
57,意大利国家电力公司,89906.6,2433.3,192408.5,34095.1,Francesco  Starace,意大利,公用设施,68253
58,CVS Health公司,256776.0,6634.0,222449,63864,Larry J. Merlo,美国,保健：药品和其他服务,290000
59,卢克石油公司,114621.2,9895.2,95772.5,63859,Vagit Y. Alekperov,俄罗斯,炼油,101000
60,西班牙电话公司,54196.7,1278.2,133427.5,19213.2,JosÃ© MarÃ­a Ãlvarez-Pallete LÃ³pez,西班牙,电信,113819
61,日产汽车,90863.2,-6173.7,157089.9,50056.9,Makoto Uchida,日本,车辆与零部件,144933
62,宝洁公司,67684.0,3897.0,115095,47194,David S. Taylor,美国,家居、个人用品,97000
63,德意志银行,41779.6,-6032.8,1456509.3,62693.9,Christian Sewing,德国,银行：商业储蓄,87597
64,联合健康集团,242155.0,13839.0,173889,57616,David S. Wichmann,美国,保健：保险和管理医保,325000
65,SK集团,86163.0,615.5,114175.1,14430.3,Tae-Won Chey /Dong-Hyun Jang,韩国,炼油,108911
66,安盛,148984.4,4317.0,876457.5,78452.4,Thomas Buberl,法国,人寿与健康保险（股份）,99843
67,蒂森克虏伯,47357.5,-342.8,39761.4,1908.8,Martina Merz,德国,金属产品,162372
68,标致,83643.2,3582.7,78305.4,21408.7,Carlos Tavares,法国,车辆与零部件,214478
69,雷普索尔公司,47543.8,-4271.1,64981.3,27979.2,Josu Jon Imaz San Miguel,西班牙,炼油,22754
70,Orange公司,47275.2,3364.5,119314.5,35610.4,StÃ©phane Richard,法国,电信,146768
71,宝马集团,116637.8,5501.2,255945.4,66585.3,Oliver Zipse,德国,车辆与零部件,133778
72,松下,68896.6,2076.0,57541.6,18491.2,Kazuhiro Tsuga,日本,电子、电气设备,259385
73,马来西亚国家石油公司,58027.0,7975.1,152218.4,95156.8,Wan Zulkiflee Wan Ariffin,马来西亚,炼油,47669
74,索尼,75972.3,5354.8,213189.1,38172.5,Kenichiro Yoshida,日本,电子、电气设备,111700
75,克罗格,122286.0,1659.0,45256,8602,W. Rodney McMullen,美国,食品店和杂货店,435000
76,巴克莱,38337.0,4177.9,1510233.3,85336.2,James E. Staley,英国,银行：商业储蓄,80800
77,美国邮政,71154.0,-8813.0,25633,-71532,Louis DeJoy,美国,邮件、包裹及货物包装运输,565021
78,诺基亚,26095.5,7.8,43917.3,17200.8,Rajeev Suri,芬兰,网络、通讯设备,98322
79,现代汽车,90739.9,2557.1,168219.5,60594.8,Won-Hee Lee /Euisun Chung,韩国,车辆与零部件,114032
80,开市客,152703.0,3659.0,45400,15243,W. Craig Jelinek,美国,综合商业,201500
81,家得宝,110225.0,11242.0,51236,-3116,Craig A. Menear,美国,专业零售,415700
82,美源伯根公司,179589.1,855.4,39172,2878.9,Steven H. Collis,美国,批发：保健,21500
83,中国工商银行,177068.8,45194.5,4322528.4,384194.8,Gu Shu,中国,银行：商业储蓄,445106
84,ADM公司,64656.0,1379.0,43997,19208,Juan R. Luciano,美国,食品生产,38100
85,沃达丰集团,49960.2,-1022.0,185455.7,67722.9,Nick Read,英国,电信,95219
86,慕尼黑再保险集团,72536.8,3048.9,322749.5,34187.2,Joachim Wenning,德国,财产与意外保险（股份）,39662
87,日本生命保险公司,74047.9,1767.2,741012,18094.2,Hiroshi Shimizu,日本,人寿与健康保险（互助）,92122
88,东芝,31179.2,-1054.4,31307.8,8696.3,Nobuaki Kurumatani,日本,电子、电气设备,125648
89,博世集团,86989.8,1780.7,99927.3,43757.9,Volkmar Denner,德国,车辆与零部件,398150
90,中国移动通信集团公司,108527.3,12145.1,266190.3,148743.6,Dong Xin,中国,电信,457565
91,塔吉特公司,78112.0,3281.0,42779,11833,Brian C. Cornell,美国,综合商业,368000
92,引能仕控股株式会社,75897.0,-1728.7,74130.6,21384.7,Tsutomu Sugimori,日本,炼油,40983
93,圣戈班集团,47650.1,1573.7,56100.9,21792.5,Pierre-AndrÃ© de Chalendar,法国,建材、玻璃,170639
94,强生,82059.0,15119.0,157728,59471,Alex Gorsky,美国,制药,132200
95,空中客车公司,78883.0,-1524.4,128412.7,6706.3,Guillaume Faury,荷兰,航天与防务,134931
96,印度石油公司,69246.4,-126.0,43608.8,12616.7,Sanjiv Singh,印度,炼油,34996
97,马士基集团,39198.0,-84.0,55399,28098,SÃ¸ren Skou,丹麦,船务,83512
98,摩根士丹利,53823.0,9042.0,895429,81549,James P. Gorman,美国,银行：商业储蓄,60431
99,鸿海精密工业股份有限公司,172868.5,3730.9,110790.4,41367.3,Yang-Wei Liu,中国,电子、电气设备,757404
100,州立农业保险公司,79395.3,5592.7,294823.2,116231.9,Michael L. Tipsord,美国,财产与意外保险（互助）,57672
101,Anthem公司,104213.0,4807.0,77453,31728,Gail K. Boudreaux,美国,保健：保险和管理医保,70600
102,西班牙对外银行,46892.4,3930.8,784209.7,54687.8,Onur GenÃ§,西班牙,银行：商业储蓄,126973
103,三菱商事株式会社,135940.2,4924.0,167018.2,48370.1,Takehiko Kakiuchi,日本,贸易,86098
104,波音,76559.0,-636.0,133625,-8617,David L. Calhoun,美国,航天与防务,161100
105,微软,125843.0,39240.0,286556,102330,Satya Nadella,美国,计算机软件,144000
106,泰国国家石油有限公司,71501.6,2994.1,82952,29335.4,Auttapol Rerkpiboon,泰国,炼油,27987
107,瑞银集团,41482.0,4304.0,972183,54533,Sergio P. Ermotti,瑞士,银行：商业储蓄,68601
108,必和必拓集团,45139.0,8306.0,100861,47240,Mike Henry,澳大利亚,采矿、原油生产,28926
109,联合利华,58179.0,6295.8,72738.3,14806.7,Alan W. Jope,英国/荷兰,家居、个人用品,149867
110,沃博联,136866.0,3982.0,67598,23512,Stefano Pessina,美国,食品店和杂货店,287000
111,雷神技术公司,77046.0,5537.0,139716,41774,Gregory J. Hayes,美国,航天与防务,243200
112,东京电力公司,57407.0,466.4,110649.1,27209,Tomoaki Kobayakawa,日本,公用设施,37892
113,中国建设银行,158884.3,38609.7,3651644.6,318167.2,Tian Guoli,中国,银行：商业储蓄,370169
114,欧尚集团,54672.4,-1637.5,38708.2,7076.7,BarthÃ©lÃ©my Guislain,法国,食品店和杂货店,308137
115,三菱日联金融集团,67135.0,4857.8,3114383.1,124659,Hironori Kamezawa,日本,银行：商业储蓄,138570
116,Seven & I 控股公司,60951.8,2001.5,55604,23689.1,Ryuichi Isaka,日本,食品店和杂货店,98039
117,雷诺,62160.2,-157.8,137124.7,38794.6,Luca De Meo,法国,车辆与零部件,179565
118,三井物产株式会社,63326.7,3601.0,109246.7,35326,Tatsuo Yasunaga,日本,贸易,45624
119,大都会人寿,69620.0,5899.0,740463,66144,Michel A. Khalaf,美国,人寿与健康保险（股份）,49000
120,中国人寿保险（集团）公司,131243.7,4660.3,648393.2,19345.8,Wang Bin,中国,人寿与健康保险（股份）,180401
121,力拓集团,43165.0,8010.0,87802,40532,Jean-SÃ©bastien Jacques,英国,采矿、原油生产,46007
122,法国威立雅环境集团,30431.2,699.4,46039.7,6660,Antoine FrÃ©rot,法国,公用设施,178021
123,高盛,53922.0,8466.0,992968,90265,David M. Solomon,美国,银行：商业储蓄,38300
124,意大利联合圣保罗银行,40359.3,4680.7,915992.9,62252.8,Carlo Messina,意大利,银行：商业储蓄,89102
125,邦吉公司,41140.0,-1280.0,18317,5913,Gregory A. Heckman,美国,食品生产,24000
126,第一生命控股有限公司,65433.6,298.3,555306.7,15189.3,Seiji Inagaki,日本,人寿与健康保险（股份）,63719
127,日本永旺集团,78930.3,246.2,102574.7,9511.6,Akio Yoshida,日本,食品店和杂货店,290196
128,美国富国银行,103915.0,19549.0,1927555,187146,Charles W. Scharf,美国,银行：商业储蓄,259800
129,联合包裹速递服务公司,74094.0,4440.0,57857,3267,Carol B. TomÃ©,美国,邮件、包裹及货物包装运输,377640
130,卡特彼勒,53800.0,6093.0,78453,14588,D. James Umpleby III,美国,建筑和农业机械,102300
131,中国银行,135091.4,27126.9,3268837.9,265831.3,Liu Liange,中国,银行：商业储蓄,309384
132,利安德巴塞尔工业公司,34727.0,3390.0,30435,8044,Bhavesh V. Patel,荷兰,化学品,19100
133,巴西布拉德斯科银行,44490.7,5330.5,342746.8,33590.1,Octavio de Lazari,巴西,银行：商业储蓄,86136
134,万喜集团,54787.6,3648.8,102252.9,22939.6,Xavier Huillard,法国,工程与建筑,222397
135,德国联邦铁路公司,49728.6,746.5,73885.3,16580.1,Richard Lutz,德国,铁路运输,323944
136,辉瑞制药有限公司,51750.0,16273.0,167489,63143,Albert Bourla,美国,制药,88300
137,美国劳氏公司,72148.0,4281.0,39471,1972,Marvin R. Ellison,美国,专业零售,260000
138,拜耳集团,51807.1,4578.9,141712,53131,Werner Baumann,德国,制药,103824
139,中国农业银行,147313.1,30701.2,3571541.7,279707,Zhang Qingsong,中国,银行：商业储蓄,467631
140,法国布伊格集团,42543.0,1325.2,44170.9,11678.6,Martin Bouygues,法国,工程与建筑,130500
141,日本制铁集团公司,54464.6,-3968.9,68890.2,24443.6,Eiji Hashimoto,日本,金属产品,116462
142,俄罗斯石油公司,96312.7,10943.6,208549.4,72742.7,Igor I. Sechin,俄罗斯,炼油,335000
143,富士通,35483.0,1472.0,29494.3,11482.9,Takahito Tokita,日本,信息技术服务,129609
144,沃尔沃集团,45689.9,3793.0,56077.1,14808.4,Martin Lundstedt,瑞典,车辆与零部件,98280
145,瑞士信贷,35473.4,3402.0,762180.3,42251.8,Thomas P. Gottstein,瑞士,银行：商业储蓄,47860
146,百思买,43638.0,1541.0,15591,3479,Corie Barry,美国,专业零售,125000
147,英国葛兰素史克公司,43072.5,5927.4,105552.1,15105.9,Emma N. Walmsley,英国,制药,99437
148,中国中化集团公司,80376.2,473.4,78799.4,7621.9,Ning Gaoning,中国,贸易,60049
149,瑞士罗氏公司,63433.5,13429.8,80440.4,31702.4,Severin Schwan,瑞士,制药,97735
150,KOC集团,27052.8,773.8,25453,6101.9,Levent Ãakiroglu,土耳其,能源,92990
151,巴西银行,42179.9,4157.6,361080.8,26786.4,Rubem de Freitas Novaes,巴西,银行：商业储蓄,93190
152,百事公司,67161.0,7314.0,78547,14786,Ramon L. Laguarta,美国,食品：消费产品,267000
153,亿滋国际,25868.0,3870.0,64549,27275,Dirk Van de Put,美国,食品：消费产品,80000
154,洛克希德－马丁,59812.0,6230.0,47528,3127,James D. Taiclet Jr.,美国,航天与防务,110000
155,伍尔沃斯集团,45523.9,1925.2,16481.3,7216.7,Brad Banducci,澳大利亚,食品店和杂货店,196000
156,赛诺菲,42118.8,3140.6,126534.9,66147.5,Paul Hudson,法国,制药,100409
157,日本电气公司,28469.2,919.5,28900.3,8426.7,Takashi Niino,日本,信息技术服务,112638
158,诺华公司,50486.0,11732.0,118370,55474,Vasant Narasimhan,瑞士,制药,103914
159,中国南方电网有限责任公司,81978.1,1833.1,134035.7,52947.9,Meng Zhenping,中国,公用设施,283639
160,皇家阿霍德德尔海兹集团,74162.0,1976.6,46568.4,15806.8,Frans Muller,荷兰,食品店和杂货店,232000
161,丸红株式会社,62798.9,-1816.1,58481,14023.1,Masumi Kakinoki,日本,贸易,49515
162,佳能,32960.9,1147.6,43883.2,24780,Fujio Mitarai,日本,计算机、办公设备,187041
163,思科公司,51904.0,11621.0,97793,33571,Charles H. Robbins,美国,网络、通讯设备,75900
164,英国森特理克集团,28933.7,-1305.4,24045,1605.3,Chris O'Shea,英国,公用设施,29147
165,日本钢铁工程控股公司,34305.0,-1818.8,42991.8,15055.3,Koji Kakigi,日本,金属产品,64009
166,法国国家人寿保险公司,54365.4,1580.1,494267.1,21767,Antoine Lissowski,法国,人寿与健康保险（股份）,5353
167,日本明治安田生命保险公司,37465.9,1911.7,394317.5,13476.1,Akio Negishi,日本,人寿与健康保险（互助）,43676
168,韩国浦项制铁公司,55591.9,1599.8,68642.1,38446.2,Jeong-Woo Choi,韩国,金属产品,35261
169,联邦快递,69693.0,540.0,54403,17757,Frederick W. Smith,美国,邮件、包裹及货物包装运输,374198
170,华特迪士尼公司,69570.0,11054.0,193984,88877,Robert A. Chapek,美国,娱乐,223000
171,英特尔公司,71965.0,21048.0,136524,77504,Robert H. Swan,美国,半导体、电子元件,110800
172,西斯科公司,60113.9,1674.3,17966.5,2502.6,Kevin P. Hourican,美国,批发：食品,69000
173,巴西淡水河谷公司,37570.0,-1683.0,91713,40067,Eduardo de Salles Bartolomeo,巴西,采矿、原油生产,71149
174,奥地利石油天然气集团,26258.9,1962.1,45316.9,14604.7,Rainer Seele,奥地利,炼油,19845
175,Iberdrola公司,40783.4,3812.5,137347,42290.1,JosÃ© Ignacio SÃ¡nchez GalÃ¡n,西班牙,公用设施,34306
176,法国国营铁路集团,39308.3,-896.5,107808.8,-9816.5,Jean-Pierre Farandou,法国,铁路运输,276350
177,英国电信集团,29097.0,2202.8,65850.8,18319.4,Philip Jansen,英国,电信,105300
178,加拿大皇家银行,50863.1,9678.0,1087304.1,63554.3,David I. McKay,加拿大,银行：商业储蓄,82801
179,霍尼韦尔国际公司,36709.0,6143.0,58679,18494,Darius E. Adamczyk,美国,电子、电气设备,113000
180,三菱电机股份有限公司,41045.0,2040.4,40804.8,22483,Takeshi Sugiyama,日本,电子、电气设备,146518
181,汉莎集团,40767.8,1357.7,47880.5,11389,Carsten Spohr,德国,航空,118292
182,住友生命保险公司,32063.1,47.9,357565,6862.7,Masahiro Hashimoto,日本,人寿与健康保险（互助）,42954
183,中国宝武钢铁集团,79932.0,2901.3,123777.1,39264.1,Chen Derong,中国,金属产品,196378
184,英杰华集团,89646.6,3251.4,609327,22792,Maurice Tulloch,英国,人寿与健康保险（股份）,31181
185,德国大陆集团,49782.8,-1371.1,47778.5,17279.7,Elmar Degenhart,德国,车辆与零部件,241458
186,日本三井住友金融集团,48879.7,6474.1,2034454.7,86557.7,Jun Ohta,日本,银行：商业储蓄,86443
187,加拿大鲍尔集团,36809.6,874.2,368078.1,10931.7,R. Jeffrey Orr,加拿大,人寿与健康保险（股份）,30600
188,日本瑞穗金融集团,36668.6,4125.8,1986296.6,69964,Tatsufumi Sakai,日本,银行：商业储蓄,57264
189,住友商事,48746.3,1576.1,75216,23541.5,Masayuki Hyodo,日本,贸易,72642
190,瑞士ABB集团,37015.0,1439.0,46108,13526,BjÃ¶rn Rosengren,瑞士,工业机械,144400
191,东京海上日动火灾保险公司,50269.6,2389.2,233681.6,17831.8,Satoru Komiya,日本,财产与意外保险（股份）,41101
192,日本KDDI电信公司,48170.6,5884.4,88647.6,40570.2,Makoto Takahashi,日本,电信,44952
193,美国康卡斯特电信公司,108942.0,13057.0,263414,82726,Brian L. Roberts,美国,电信,190000
194,日本伊藤忠商事株式会社,100521.8,4611.0,101041.9,27722.3,Masahiro Okafuji,日本,贸易,151430
195,美国诺斯洛普格拉曼公司,33841.0,2248.0,41089,8819,Kathy J. Warden,美国,航天与防务,90000
196,法国航空－荷兰皇家航空集团,30431.5,324.6,34497,2563.6,Benjamin M. Smith,法国,航空,83097
197,西班牙ACS集团,43705.9,1076.7,43315.7,4957.6,Marcelino FernÃ¡ndez Verdes,西班牙,工程与建筑,190431
198,日本三菱重工业股份有限公司,37171.5,801.3,46133.9,11273.6,Seiji Izumisawa,日本,工业机械,81631
199,日本出光兴产株式会社,48892.0,-211.0,35966.9,9586.5,Shunichi Kito,日本,炼油,16020
200,德国中央合作银行,39143.8,1894.9,627847,27820.9,Cornelius Riese /Uwe FrÃ¶hlich,德国,银行：商业储蓄,27560
201,波兰国营石油公司,28976.6,1120.5,18804.2,10193.1,Daniel Obajtek,波兰,炼油,22337
202,中国铁道建筑集团有限公司,120302.2,1359.2,155597.9,12448.1,Chen Fenjian,中国,工程与建筑,364907
203,苹果公司,260174.0,55256.0,338516,90488,Timothy D. Cook,美国,计算机、办公设备,137000
204,乔治威斯顿公司,37765.2,182.4,36875.7,5868.4,Galen G. Weston,加拿大,食品店和杂货店,194000
205,苏黎世保险集团,71792.0,4147.0,404688,35004,Mario Greco,瑞士,财产与意外保险（股份）,54030
206,英国劳埃德银行集团,64297.4,3732.5,1104491.3,63050.2,AntÃ³nio Horta-OsÃ³rio,英国,银行：商业储蓄,63069
207,CHS公司,31900.5,829.9,16447.5,8610.1,Jay D. Debertin,美国,食品生产,10703
208,可口可乐公司,37266.0,8920.0,86381,18981,James R. Quincey,美国,饮料,86200
209,美国运通公司,47020.0,6759.0,198321,23071,Stephen J. Squeri,美国,多元化金融,64500
210,森宝利公司,36830.9,193.1,34667,9030,Simon Roberts,英国,食品店和杂货店,111900
211,中国电信集团公司,67365.3,1802.6,129342.9,54126.4,Ke Ruiwen,中国,电信,401965
212,信实工业公司,86269.9,5624.9,154196.1,59954.5,Mukesh D. Ambani,印度,炼油,195618
213,澳洲联邦银行,29966.6,6127.3,685113.8,48827.2,Matt Comyn,澳大利亚,银行：商业储蓄,45165
214,美国纽约人寿保险公司,44116.6,1003.8,330806.3,22032.3,Theodore A. Mathas,美国,人寿与健康保险（互助）,11519
215,普利司通,32339.9,2684.0,36319.8,23483.7,Shuichi Ishibashi,日本,车辆与零部件,143589
216,电装公司,47400.3,626.4,52297.6,31434.6,Koji Arima,日本,车辆与零部件,170932
217,美洲电信,52323.1,3518.0,81132,9422.2,Daniel Hajj Aboumrad,墨西哥,电信,191523
218,宏利金融,59968.9,4222.0,624039.8,37897.6,Roy Gori,加拿大,人寿与健康保险（股份）,35000
219,CRH公司,31681.7,2159.0,41876.7,19013.5,Albert Manifold,爱尔兰,建材、玻璃,86951
220,法国邮政,29081.7,920.0,326618.4,14169.2,Philippe Wahl,法国,邮件、包裹及货物包装运输,225693
221,西太平洋银行,26000.9,4771.9,611337.9,44135.6,Peter King,澳大利亚,银行：商业储蓄,33288
222,巴拉特石油公司,40409.8,430.9,19952.2,4831.5,D. Rajkumar,印度,炼油,12171
223,铃木汽车,32085.7,1234.5,30903.9,15523.1,Toshihiro Suzuki,日本,车辆与零部件,68499
224,国泰金融控股股份有限公司,33510.9,2030.5,335795.8,25746.4,Hong-Tu Tsai,中国,人寿与健康保险（股份）,56764
225,中国建筑集团有限公司,205839.4,3333.0,294070,20233.5,Zhou Naixiang,中国,工程与建筑,335038
226,雅培公司,31904.0,3687.0,67887,31088,Robert B. Ford,美国,医疗器材和设备,107000
227,好事达,44675.0,4847.0,119950,25998,Thomas J. Wilson,美国,财产与意外保险（股份）,46035
228,美国教师退休基金会,40454.4,2460.1,615042.3,38871.8,Roger W. Ferguson Jr.,美国,人寿与健康保险（互助）,16533
229,通用动力,39350.0,3484.0,48841,13577,Phebe N. Novakovic,美国,航天与防务,102900
230,保德信金融集团,64807.0,4186.0,896552,63115,Charles F. Lowrey,美国,人寿与健康保险（股份）,51511
231,德科集团,26220.8,813.7,11864.9,4422.3,Alain Dehaze,瑞士,多元化外包服务,35000
232,丰益国际,42640.5,1293.4,47048.6,16762.5,Kuok Khoon Hong,新加坡,食品生产,90000
233,三菱化学控股,33417.8,497.4,47489.1,10828.4,Hitoshi Ochi,日本,化学品,69609
234,哈门那公司,64888.0,2707.0,29074,12037,Bruce D. Broussard,美国,保健：保险和管理医保,46000
235,美国利宝互助保险集团,43228.0,1044.0,133644,23591,David H. Long,美国,财产与意外保险（股份）,45000
236,韩国电力公司,50256.7,-2012.7,170888,58372.7,Jong-Kap Kim,韩国,公用设施,47452
237,台湾中油股份有限公司,30545.9,1049.7,26753.9,10210.1,Shun-Chin Lee,中国,炼油,15836
238,迪尔公司,39258.0,3253.0,73011,11413,John C. May,美国,建筑和农业机械,73489
239,HCA 医疗保健公司,51336.0,3505.0,45058,-2808,Samuel N. Hazen,美国,保健：医疗设施,245000
240,俄罗斯联邦储蓄银行,48340.3,13059.6,482464.1,72119.4,Herman O. Gref,俄罗斯,银行：商业储蓄,281338
241,泰森食品,42405.0,2022.0,33097,14082,Noel White,美国,食品生产,141000
242,中国海洋石油总公司,108686.8,6957.2,184922.2,81252.8,Wang DongJin,中国,采矿、原油生产,92080
243,关西电力,29288.0,1195.7,70442.6,14089.8,Takashi Morimoto,日本,公用设施,31850
244,森科能源公司,29384.5,2184.9,68976.6,32424.8,Mark S. Little,加拿大,炼油,12889
245,中国远洋海运集团有限公司,44655.1,1086.6,125906.4,28202.6,Xu Lirong,中国,船务,118243
246,斯伦贝谢公司,32917.0,-10137.0,56312,23760,Olivier Le Peuch,美国,油气设备与服务,105000
247,东日本旅客铁道株式会社,27102.4,1825.1,78995.6,28690.8,Yuji Fukasawa,日本,铁路运输,85114
248,施耐德电气,30396.8,2700.8,50511.4,24200.1,Jean-Pascal Tricoire,法国,电子、电气设备,135307
249,中国五矿集团有限公司,88357.4,230.1,133441.7,9961.2,Tang Fuping,中国,金属产品,199486
250,软银集团,87439.5,-8844.3,344751.5,54720.2,Masayoshi Son,日本,电信,80909
251,中粮集团有限公司,72148.8,414.3,85846.9,12499.9,Yu Xubo,中国,贸易,110896
252,英美资源集团,29870.0,3547.0,56152,24795,Mark Cutifani,英国,采矿、原油生产,63000
253,迪奥公司,60070.5,3288.4,105314.8,12211.7,Sidney Toledano,法国,服装,149685
254,意大利邮政集团,36666.9,1502.0,267412.9,10885,Matteo Del Fante,意大利,人寿与健康保险（股份）,126445
255,中国交通建设集团有限公司,95096.2,1332.6,232053.4,18358.2,Liu Qitao,中国,工程与建筑,197309
256,广达电脑公司,33313.4,515.8,20504.7,4525.2,Barry Lam,中国,计算机、办公设备,77930
257,加拿大丰业银行,35100.5,6314.0,826480.7,51378.8,Brian J. Porter,加拿大,银行：商业储蓄,101813
258,菲利普－莫里斯国际公司,29805.0,7185.0,42875,-11577,AndrÃ© Calantzopoulos,美国,烟草,73500
259,欧莱雅,33436.2,4197.2,49172.1,33020.2,Jean-Paul Agon,法国,家居、个人用品,87974
260,埃森哲,43215.0,4779.1,29789.9,14409,Julie Sweet,爱尔兰,信息技术服务,492000
261,3M公司,32136.0,4570.0,44659,10063,Michael F. Roman,美国,化学品,96163
262,马自达汽车株式会社,31550.9,111.6,25794.8,10175.6,Akira Marumoto,日本,车辆与零部件,50479
263,多伦多道明银行,44501.6,8781.0,1076921.3,66733.4,Bharat B. Masrani,加拿大,银行：商业储蓄,89031
264,日本中部电力,28199.8,1503.6,50900.5,17232.8,Hayashi Kingo,日本,公用设施,28448
265,韩华集团,43258.4,77.2,157646.1,3827.1,Kyeong-Seak Ok,韩国,人寿与健康保险（股份）,57967
266,印度国家银行,51090.9,2788.2,555132.1,33203.5,Rajnish Kumar,印度,银行：商业储蓄,249448
267,Medipal控股公司,29921.0,349.2,15214.9,4152.1,Shuichi Watanabe,日本,批发：保健,15422
268,Travelers公司,31581.0,2622.0,110122,25943,Alan D. Schnitzer,美国,财产与意外保险（股份）,30800
269,三星人寿保险,27290.7,838.7,270485.4,30845.8,Young-Muk Jeon,韩国,人寿与健康保险（股份）,5346
270,CFE公司,29868.8,2260.7,115747.5,32974.4,Manuel Bartlett DÃ­az,墨西哥,公用设施,90621
271,大众超级市场公司,38462.8,3005.4,24507.1,16863.4,Randall T. Jones Sr.,美国,食品店和杂货店,207000
272,Tech Data公司,36998.4,374.5,13268.6,3119.5,Richard T. Hume,美国,批发：电子、办公设备,15000
273,河钢集团,51345.1,-94.1,66332.8,10241.9,Yu Yong,中国,金属产品,127116
274,米其林公司,27013.3,1959.8,35554.3,14844.9,Florent Menegaux,法国,车辆与零部件,121339
275,默沙东,46840.0,9843.0,84397,25907,Kenneth C. Frazier,美国,制药,71000
276,Migros集团,28540.1,348.3,66220,18159.6,Fabrice Zumbrunnen,瑞士,食品店和杂货店,90863
277,美国航空集团,45768.0,1686.0,59995,-118,W. Douglas Parker,美国,航空,133700
278,麦格纳国际,39431.0,1765.0,25790,10831,Donald J. Walker,加拿大,车辆与零部件,165000
279,中国第一汽车集团公司,89417.1,2847.8,70353.7,27801.8,Xu Liuping,中国,车辆与零部件,129580
280,百威英博,53723.0,9171.0,236648,75722,Carlos Brito,比利时,饮料,171915
281,德国艾德卡公司,39824.1,380.8,8844.1,2252.1,Markus Mosa,德国,批发：食品,381000
282,曼福集团,27520.0,681.9,81385.1,9938.1,Antonio Huertas MejÃ­as,西班牙,财产与意外保险（股份）,34324
283,瑞士再保险股份有限公司,49314.0,727.0,238567,29251,Christian Mumenthaler,瑞士,财产与意外保险（股份）,15401
284,印度石油天然气公司,57170.7,1538.4,66642.2,27372.2,Shashi Shanker,印度,采矿、原油生产,30105
285,达美航空,47007.0,4767.0,64532,15358,Edward H. Bastian,美国,航空,91224
286,房利美,120304.0,14160.0,3503319,14608,Hugh R. Frater,美国,多元化金融,7500
287,康帕斯集团,31735.7,1416.0,16399.3,4109.1,Dominic Blakemore,英国,食品：饮食服务业,596452
288,甲骨文公司,39506.0,11083.0,108709,21785,Safra A. Catz,美国,计算机软件,136000
289,怡和集团,40922.0,2838.0,97028,30351,Ben Keswick,中国,车辆与零部件,464000
290,达能,28302.7,2159.0,50914.3,19351.3,Emmanuel Faber,法国,食品：消费产品,102449
291,中国中信集团有限公司,75115.4,3646.8,1074806.3,52164.3,Zhu Hexin,中国,多元化金融,304260
292,英美烟草集团,33020.9,7278.7,186761.1,84638.2,Jack Bowles,英国,烟草,59989
293,爱信精机,34809.6,221.3,36945.1,11845.7,Kiyotaka Ise,日本,车辆与零部件,119535
294,中国联合网络通信股份有限公司,42052.1,721.2,81001.3,20576.2,Wang Xiaochu,中国,电信,243790
295,Alphabet公司,161857.0,34343.0,275909,201442,Sundar Pichai,美国,互联网服务和零售,118899
296,中国华能集团公司,44501.9,186.5,161663.2,14335.4,Shu Yinbiao,中国,能源,130764
297,中国航空工业集团公司,65909.0,578.1,144797.5,27769.3,Luo Ronghuai,中国,航天与防务,417798
298,西北互助人寿保险公司,32293.6,1268.0,290318,24216,John E. Schlifske,美国,人寿与健康保险（互助）,5964
299,中国兵器装备集团公司,29063.0,987.7,48801.7,10108.8,Gong Yande,中国,航天与防务,176326
300,百时美施贵宝公司,26145.0,3439.0,129944,51598,Giovanni Caforio,美国,制药,30000
301,住友电工,28577.6,668.9,28541.8,13895,Masayoshi Matsumoto,日本,车辆与零部件,283910
302,喜力控股公司,26827.5,1216.6,52196.1,8971.3,Dolf van den Brink,荷兰,饮料,85853
303,江苏沙钢集团,36488.3,717.5,41505.8,8485.8,Shen Bin,中国,金属产品,46581
304,任仕达公司,26499.5,678.3,11401.3,5019.4,Jacques van den Broek,荷兰,多元化外包服务,38280
305,MS&AD保险集团控股有限公司,47537.2,1315.6,214642.9,14696,Yasuyoshi Karasawa,日本,财产与意外保险（股份）,41942
306,美国全国保险公司,43982.0,829.7,239539.6,16271.2,Kirt A. Walker,美国,财产与意外保险（互助）,28114
307,西班牙能源集团,25991.4,1568.1,46173.3,11842.4,Francisco ReynÃ©s Massanet,西班牙,公用设施,12138
308,蒙特利尔银行,29159.8,4333.3,648451.5,38864.7,Darryl White,加拿大,银行：商业储蓄,45513
309,美国合众银行,27325.0,6914.0,495426,51853,Andrew J. Cecere,美国,银行：商业储蓄,69651
310,亚马逊,280522.0,11588.0,225248,62060,Jeffrey P. Bezos,美国,互联网服务和零售,798000
311,TJX公司,41717.0,3272.2,24145,5948.2,Ernie L. Herrman,美国,专业零售,286000
312,信诺,153566.0,5104.0,155774,45338,David M. Cordani,美国,保健：药品和其他服务,73700
313,Exelon公司,34438.0,2936.0,124977,32224,Christopher M. Crane,美国,公用设施,32713
314,万通互惠理财公司,37253.4,3700.7,290730.7,18892.9,Roger W. Crandall,美国,人寿与健康保险（互助）,9896
315,交通银行,66564.4,11186.4,1422053.8,113879,Ren Deqi,中国,银行：商业储蓄,87828
316,三星C&T公司,26396.1,901.1,39700.4,20839,Jung-Suk Koh /Young-Ho Lee,韩国,贸易,16580
317,耐克公司,39117.0,4029.0,23717,9040,John J. Donahoe II,美国,服装,76700
318,中国铝业公司,51649.4,273.2,93947.7,17381.2,Yu Dehui,中国,金属产品,156286
319,美国国际集团,49746.0,3348.0,525064,65675,Brian Duperreault,美国,财产与意外保险（股份）,46000
320,法国BPCE银行集团,47910.9,3391.3,1501843,78465.9,Laurent Mignon,法国,银行：商业储蓄,100849
321,英国保诚集团,93736.0,783.0,454214,19477,Michael A. Wells,英国,人寿与健康保险（股份）,18125
322,英国法通保险公司,90615.2,2340.3,742524,12406.6,Nigel Wilson,英国,人寿与健康保险（股份）,8542
323,荷兰全球保险集团,75343.9,1386.8,494246.6,27410.1,Lard Friese,荷兰,人寿与健康保险（股份）,23757
324,StoneX集团,32897.0,85.1,9936.1,594.2,Sean M. O'Connor,美国,多元化金融,2012
325,东风汽车公司,84048.5,1328.4,71423.3,14289.1,Li Shaozhu,中国,车辆与零部件,154641
326,房地美,75125.0,7214.0,2203623,9122,David M. Brickman,美国,多元化金融,6892
327,加拿大永明金融集团,29904.6,2044.7,229216.4,18045.7,Dean A. Connor,加拿大,人寿与健康保险（股份）,22719
328,中国兵器工业集团公司,68714.4,1283.7,61501.7,16641.7,Jiao Kaihe,中国,航天与防务,204378
329,国家能源投资集团,80498.0,4264.1,251272,59956,Wang Xiangxi,中国,采矿、原油生产,331373
330,中国人民保险集团股份有限公司,79788.1,3204.0,162687,26336.5,Miao Jianmin,中国,财产与意外保险（股份）,198951
331,中国平安保险（集团）股份有限公司,184280.3,21626.7,1180488.5,96639.4,Ma Mingzhe,中国,人寿与健康保险（股份）,372194
332,中国华润有限公司,94757.8,3571.6,232277.1,32980.7,Wang Xiangming,中国,制药,396456
333,华为投资控股有限公司,124316.3,9062.1,123269.9,42365.6,Ren Zhengfei,中国,网络、通讯设备,194000
334,中国大唐集团公司,27464.0,426.7,108895.5,15846.2,Chen Feihu,中国,能源,95748
335,仁宝电脑,31722.5,225.1,12765.6,3535.4,Martin Wong,中国,计算机、办公设备,81743
336,费森尤斯集团,39631.8,2107.6,75207.5,18831.6,Stephan Sturm,德国,保健：医疗设施,294134
337,印度塔塔汽车公司,37241.9,-1702.5,42601.6,8342.3,Guenter Butschek,印度,车辆与零部件,77990
338,损保控股有限公司,34586.9,1126.9,110834.1,10125.4,Kengo Sakurada,日本,财产与意外保险（股份）,47535
339,大和房建,40288.0,2148.6,42818.4,15533.2,Keiichi Yoshii,日本,工程与建筑,47133
340,巴西JBS公司,51858.5,1538.7,31412.1,7368.7,Gilberto Tomazoni,巴西,食品生产,242000
341,嘉能可,215111.0,-404.0,124076,40274,Ivan Glasenberg,瑞士,采矿、原油生产,88246
342,EXOR集团,162753.5,3417.1,193738.6,16864.1,John Elkann,荷兰,多元化金融,268979
343,LG电子,53464.3,26.8,38796.1,12393.1,Bong-Seok Kwon,韩国,电子、电气设备,74000
344,Enterprise Products Partners公司,32789.2,4591.3,61733.2,24764,A. James Teague /W. Randall Fowler,美国,管道运输,7300
345,首钢集团,29273.6,40.0,71543,17622.6,Zhang Gongyan,中国,金属产品,97903
346,中国邮政集团公司,89346.8,4440.9,1518542.8,54604,Liu Aili,中国,邮件、包裹及货物包装运输,927171
347,菲尼克斯医药公司,30508.9,6.4,10512.3,2828.4,Sven Seidel,德国,批发：保健,32009
348,中国电子信息产业集团有限公司,32447.1,137.8,47018.6,8936.2,Rui Xiaowu,中国,电子、电气设备,138603
349,中国航空油料集团公司,40487.2,568.7,9711.6,3689.4,Zhou Qiang,中国,贸易,13705
350,中国机械工业集团有限公司,43122.2,452.3,55071.4,9837.7,Zhang Xiaolun,中国,工业机械,146792
351,河南能源化工集团,26162.5,-305.8,39363.5,2403.7,Liu Yinzhi,中国,采矿、原油生产,164236
352,联想集团,50716.3,665.1,32128.2,3197.5,Yang Yuanqing,中国,计算机、办公设备,63000
353,联合航空控股公司,43259.0,3009.0,52611,11531,J. Scott Kirby,美国,航空,96000
354,冀中能源集团,30666.1,-114.3,33149.1,2286.7,Yang Guozhan,中国,采矿、原油生产,107359
355,中国太平洋保险（集团）公司,55799.6,4015.5,219408.4,25615.1,Fu Fan,中国,人寿与健康保险（股份）,111247
356,中国化工集团公司,65766.7,-1250.9,121159.6,-1321.4,Yang Xingqiang,中国,化学品,145526
357,物产中大集团,51954.1,395.7,13398.8,3612.7,Wang Tingge,中国,贸易,20332
358,中国建材集团,57625.6,-104.9,85590.2,5547,Zhou Yuxian,中国,建材、玻璃,204936
359,纬创集团,28416.2,220.0,11482.1,2467.1,Simon Lin,中国,计算机、办公设备,70286
360,马拉松原油公司,124813.0,2637.0,98556,33694,Michael J. Hennigan,美国,炼油,60910
361,上海汽车集团股份有限公司,122071.4,3706.1,121930.8,35847.4,Wang Xiaoqiu,中国,车辆与零部件,151785
362,GS加德士,28541.3,388.4,17666.5,9510.5,Sae-Hong Huh,韩国,炼油,3283
363,起亚汽车,49894.4,1567.4,47863.7,25061.1,Ho-Sung Song,韩国,车辆与零部件,52448
364,全球燃料服务公司,36819.0,178.9,5992.4,1890.4,Michael J. Kasbar,美国,能源,5500
365,Coop集团,29485.4,528.4,19803.5,9327.6,Joos Sutter,瑞士,食品店和杂货店,78264
366,中国电力建设集团有限公司,67371.2,772.8,139084,11272.2,Yan Zhiyong,中国,工程与建筑,180416
367,中国华电集团公司,33808.4,310.4,118038.3,11510.8,Wen Shugang,中国,公用设施,94790
368,山东魏桥创业集团,40426.0,792.1,34841.8,10221.6,Zhang Bo,中国,纺织,111121
369,国家电力投资集团公司,39406.8,179.5,171460.1,15579.2,Qian Zhimin,中国,能源,123010
370,山东能源集团有限公司,51892.5,729.6,44551.5,10024.2,Li Weimin,中国,采矿、原油生产,153545
371,鞍钢集团公司,31468.7,-208.9,47781.1,7762.6,Tan Chengxu,中国,金属产品,126909
372,现代摩比斯公司,32649.3,1965.6,40306.2,27959.9,Chung-Kook Park,韩国,车辆与零部件,32065
373,浙江吉利控股集团,47885.9,1231.9,56805.2,9466.4,Li Shufu,中国,车辆与零部件,131426
374,绿地控股集团有限公司,61965.1,2134.1,164478.3,11327.1,Zhang Yuliang,中国,房地产,52576
375,国际航空集团,28547.8,1919.5,40025.9,7658.1,Luis Gallego MartÃ­n,英国,航空,66034
376,招商银行,57252.1,13442.5,1064823.3,87758.7,Tian Huiyu,中国,银行：商业储蓄,84683
377,Phillips 66公司,109559.0,3076.0,58720,24910,Greg C. Garland,美国,炼油,14500
378,北京汽车集团,72553.6,746.9,71908.7,9904.2,Xu Heyi,中国,车辆与零部件,114315
379,和硕,44206.7,625.0,19033.2,5259.9,Syh-Jang Liao,中国,电子、电气设备,172995
380,正威国际集团,88862.1,1807.3,23170.8,14548.3,Wang Wenyin,中国,金属产品,18103
381,山西焦煤集团有限责任公司,26178.9,211.6,48744.4,6166.2,Wang Maosheng,中国,采矿、原油生产,196034
382,山西阳泉煤业(集团)有限责任公司,25490.8,-81.5,35408.8,3897.2,Zhai Hong,中国,采矿、原油生产,101817
383,中国民生银行,48528.3,7790.3,959249,74485.7,Zheng Wanchun,中国,银行：商业储蓄,58933
384,江西铜业集团公司,36979.7,169.5,22646.2,3733.8,Long Ziping,中国,金属产品,25333
385,兴业银行,50945.1,9534.4,1025838.2,77718,Tao Yiping,中国,银行：商业储蓄,60455
386,潞安集团,26077.6,105.4,35869.8,4927.7,You Hao,中国,采矿、原油生产,106188
387,大同煤矿集团有限责任公司,27556.6,-158.6,53029.6,7102.8,Guo Jingang,中国,采矿、原油生产,152733
388,山西晋城无烟煤矿业集团,25385.6,22.0,42256.6,6258.9,Li Hongshuang,中国,采矿、原油生产,127336
389,中国医药集团,70689.5,912.2,56506.4,10338.8,Liu Jingzhen,中国,制药,155622
390,上海浦东发展银行,51313.4,8507.1,1006833.2,79436.1,Zheng Yang,中国,银行：商业储蓄,58253
391,陕西延长石油（集团）公司,44564.4,215.2,57548.6,19008.5,Yang Yue,中国,采矿、原油生产,129920
392,广州汽车工业集团,53662.1,564.5,43837.9,6472.1,Zeng Qinghong,中国,车辆与零部件,105780
393,第一资本金融公司,33766.0,5546.0,390365,58011,Richard D. Fairbank,美国,银行：商业储蓄,51900
394,伊塔乌联合银行控股公司,51728.3,6874.7,407131,34044,CÃ¢ndido Botelho Bracher,巴西,银行：商业储蓄,94881
395,路易达孚集团,33786.0,230.0,19538,4786,Ian McIntosh,荷兰,食品生产,16509
396,太平洋建设集团,97536.4,3455.0,63694.6,29528.9,Yan Hao,中国,工程与建筑,453635
397,Energy Transfer公司,54213.0,3592.0,98880,21827,Kelcy L. Warren,美国,管道运输,12812
398,Plains GP Holdings公司,33669.0,331.0,29969,2155,Wilfred C.W. Chiang,美国,管道运输,5000
399,Talanx公司,44020.4,1033.1,199331.5,11391.2,Torsten Leue,德国,财产与意外保险（股份）,21516
400,Alimentation Couche-Tard公司,59117.6,1833.9,22607.7,8923.2,Brian P. Hannasch,加拿大,专业零售,133000
401,Enbridge公司,37735.1,4299.6,125920.9,50935.5,Al Monaco,加拿大,管道运输,11300
402,Achmea公司,27593.1,537.2,100441.3,11429.4,Willem A.J. van Duin,荷兰,人寿与健康保险（互助）,13801
403,中国能源建设集团,36110.5,395.3,61053.7,5285.7,Wang Jianping,中国,工程与建筑,122560
404,中国通用技术(集团)控股有限责任公司,26558.8,489.5,28310.4,6487.9,Xu Xianping,中国,工程与建筑,43197
405,斯巴鲁公司,30758.2,1403.5,30479.4,15849.7,Tomomi Nakamura,日本,车辆与零部件,35045
406,托克集团,171474.1,871.7,54151.4,6477,Jeremy  Weir,新加坡,贸易,5106
407,中国铁路工程集团有限公司,123324.0,1535.3,152982.5,14558.2,Chen Yun,中国,工程与建筑,302394
408,Finatis公司,45044.5,-615.6,41093.3,-457.9,Didier LÃ©vÃªque,法国,食品店和杂货店,209747
409,陕西煤业化工集团,43797.8,119.5,78756.6,7555.1,Yang Zhaoqian,中国,采矿、原油生产,120802
410,中国光大集团,46957.0,1989.6,748020.4,20775.2,Li Xiaopeng,中国,银行：商业储蓄,79800
411,中国航天科技集团公司,36208.6,2628.3,68554.6,30302,Wu Yansheng,中国,航天与防务,177905
412,中国保利集团,57147.4,2030.9,188478.8,12765.5,Zhang Zhengao,中国,房地产,100393
413,友邦保险集团,47242.0,6648.0,284132,57508,Ng Keng Hooi,中国,人寿与健康保险（股份）,23000
414,台积公司,34619.7,11452.1,75553.8,53835,C.C. Wei,中国,半导体、电子元件,51297
415,采埃孚,40873.0,391.7,36309.6,7655.9,Wolf-Henning Scheider,德国,车辆与零部件,147797
416,联合服务汽车协会,35617.4,4006.3,173732.6,35331.4,Wayne Peacock,美国,财产与意外保险（股份）,35076
417,万科企业股份有限公司,53252.7,5626.7,248360.3,26997.8,Zhu Jiusheng,中国,房地产,131505
418,京东集团,83504.8,1763.7,37286.1,11751.3,Richard Qiangdong Liu,中国,互联网服务和零售,227730
419,中国航天科工集团公司,37604.3,1958.9,50065.2,19982.3,Gao Hongwei,中国,航天与防务,147712
420,中国电子科技集团公司,32948.4,1742.5,57864.6,22500.3,Chen Zhaoxiong,中国,航天与防务,177443
421,Rajesh Exports公司,27589.6,170.1,4063.9,1393.2,Rajesh J. Mehta,印度,贸易,409
422,拉法基豪瑞集团,26588.9,2234.8,56449.9,27654.7,Jan Jenisch,瑞士,建材、玻璃,72452
423,艾睿电子,28916.8,-204.1,16400.8,4811.9,Michael J. Long,美国,批发：电子、办公设备,19300
424,US Foods Holding公司,25939.0,385.0,11288,3709,Pietro Satriano,美国,批发：食品,28000
425,SAP公司,30838.9,3717.1,67585.3,34509.3,Christian  Klein,德国,计算机软件,100330
426,Inditex公司,31584.4,4063.3,31460.1,16525.1,Carlos Crespo GonzÃ¡lez,西班牙,专业零售,176611
427,艾伯维,33266.0,7882.0,89115,-8172,Richard A. Gonzalez,美国,制药,30000
428,Centene公司,74639.0,1321.0,40994,12551,Michael F. Neidorff,美国,保健：保险和管理医保,56600
429,长江和记实业有限公司,38165.5,5083.7,155420.7,61180.6,"Li Tzar Kuoi, Victor /Fok Kin Ning, Canning",中国,专业零售,300000
430,美的集团股份有限公司,40440.4,3504.6,43348.9,14595.7,Fang Hongbo,中国,电子、电气设备,134897
431,中国恒大集团,69127.1,2501.3,316777.5,20916.8,Hui Ka Yan,中国,房地产,133123
432,Uniper公司,73651.6,682.7,49111.7,12779.6,Andreas Schierenbeck,德国,能源,11743
433,戴尔科技公司,92154.0,4616.0,118861,-1574,Michael S. Dell,美国,计算机、办公设备,165000
434,艾伯森公司,62455.1,466.4,24735.1,2278.1,Vivek Sankaran,美国,食品店和杂货店,270000
435,慧与公司,29135.0,1049.0,51803,17098,Antonio F. Neri,美国,计算机、办公设备,61600
436,恒力集团,80588.3,2076.8,33773.3,5199.2,Chen Jianhua,中国,纺织,90555
437,江森自控国际公司,28969.0,5674.0,42287,19766,George R. Oliver,爱尔兰,工业机械,104000
438,安达保险公司,34186.0,4454.0,176943,55331,Evan G. Greenberg,瑞士,财产与意外保险（股份）,33000
439,特许通讯公司,45764.0,1668.0,148188,31445,Thomas M. Rutledge,美国,电信,95100
440,美敦力公司,30557.0,4631.0,89694,50091,Geoffrey S. Martha,爱尔兰,医疗器材和设备,101013
441,Facebook公司,70697.0,18485.0,133376,101054,Mark Zuckerberg,美国,互联网服务和零售,44942
442,布鲁克菲尔德资产管理公司,67826.0,2807.0,323969,35013,J. Bruce Flatt,加拿大,多元化金融,151000
443,阳光龙净集团有限公司,35909.4,614.1,60053,3756.7,Lin Tengjiao,中国,多元化金融,26363
444,阿里巴巴集团,73165.9,21450.2,185026.5,106451.5,Daniel Zhang,中国,互联网服务和零售,117600
445,前进保险公司,39022.3,3970.3,54895.3,13673.2,Susan Patricia  Griffith,美国,财产与意外保险（股份）,41571
446,碧桂园控股有限公司,70335.3,5724.9,273791.9,21812.5,Mo Bin,中国,房地产,101784
447,腾讯控股有限公司,54612.7,13506.6,136954.8,62119.5,Pony Ma,中国,互联网服务和零售,62885
448,苏宁易购集团,38971.0,1424.8,34003,12622.1,Hou Enlong,中国,专业零售,117669
449,厦门建发集团有限公司,49170.2,667.3,49003.6,7437.2,Huang Wenzhou,中国,贸易,26732
450,Dollar General公司,27754.0,1712.6,22825.1,6702.5,Todd J. Vasos,美国,专业零售,143000
451,厦门国贸控股集团有限公司,42790.1,41.8,14656.1,1329.9,Xu Xiaoxi,中国,贸易,15178
452,新疆广汇实业投资（集团）有限责任公司,28710.9,89.8,39224.4,5464.6,Song Dongsheng,中国,贸易,77400
453,丰田通商公司,61570.3,1246.8,42058,11072.8,Ichiro Kashitani,日本,贸易,66067
454,麦德龙,41370.7,-142.1,15803.2,2946.5,Olaf G. Koch,德国,食品店和杂货店,97606
455,招商局集团,49126.0,5233.1,277918.2,50708.9,Li Jianhong,中国,邮件、包裹及货物包装运输,157635
456,雪松控股集团,41276.7,122.1,16736.9,4096.7,Zhang Jing,中国,贸易,30984
457,象屿集团,41135.4,220.0,20007.5,2870,Zhang Shuili,中国,贸易,11635
458,兖矿集团,41323.4,274.9,45730.9,4937.8,Li Xiyong,中国,采矿、原油生产,101166
459,中国太平保险集团有限责任公司,31912.0,585.8,118439.3,5322.8,Luo Xi,中国,人寿与健康保险（互助）,65957
460,KB金融集团,29469.5,2841.8,448446,33325.2,Jong Kyoo Yoon,韩国,银行：商业储蓄,26702
461,富邦金融控股股份有限公司,31012.6,1892.7,285161,20276,Richard M. Tsai,中国,人寿与健康保险（股份）,44388
462,阿迪达斯集团,26459.2,2211.7,23211.2,7627.8,Kasper Rorsted,德国,服装,59533
463,Fomento Económico Mexicano公司,26319.3,1075.1,33764.5,13345.5,Miguel Eduardo Padilla Silva,墨西哥,饮料,314656
464,泰康保险集团,29502.1,3211.5,134299.1,11657.2,Chen Dongsheng,中国,人寿与健康保险（互助）,57372
465,CJ集团,28986.0,229.2,34922.9,3900,Kyung-Shik Sohn /Hong-Ki Kim,韩国,专业零售,59915
466,海尔智家股份有限公司,29060.4,1187.9,26911,6874.9,Liang Haishan,中国,电子、电气设备,99757
467,沙特阿美公司,329784.4,88210.9,398348.6,275958.5,Amin H. Nasser,沙特阿拉伯,采矿、原油生产,79000
468,巴西联邦储蓄银行,38407.4,5339.1,321485.5,20053.1,Pedro Duarte Guimaraes,巴西,银行：商业储蓄,84066
469,中国中车集团,34704.2,523.2,61802.5,10278.4,Sun Yongcai,中国,工业机械,176348
470,青山控股集团,38011.7,825.9,10122.2,3119.7,Sun Jianfen,中国,金属产品,70426
471,金川集团,33824.4,298.0,16569.6,5028.1,Wang Yongqian,中国,金属产品,29291
472,珠海格力电器股份有限公司,29023.6,3574.8,40623.6,15813.7,Dong Mingzhu,中国,电子、电气设备,88846
473,安徽海螺集团,33916.4,1773.0,31609.4,7452.7,Gao Dengbang,中国,建材、玻璃,55952
474,华夏保险公司,28494.2,122.0,84176,3199.5,Zhao Ziliang,中国,人寿与健康保险（互助）,500000
475,Financière de l'Odet公司,27805.5,136.4,63202.5,4280.9,Vincent BollorÃ©,法国,娱乐,83801
476,铜陵有色金属集团,27819.4,-64.5,12548.8,1152.5,Gong Huadong,中国,金属产品,22860
477,小米集团,29795.2,1453.9,26361.9,11675.9,Lei Jun,中国,互联网服务和零售,18170
478,海亮集团有限公司,27209.1,174.9,8205.5,2687.5,Cao Jianguo,中国,贸易,20196
479,赛峰集团,28423.5,2738.8,48047.7,13885.2,Philippe Petitcolin,法国,航天与防务,95443
480,陶氏公司,42951.0,-1359.0,60524,13541,James R. Fitterling,美国,化学品,36500
481,M&G公司,41075.5,1429.2,299658.9,6788.1,John Foley,英国,人寿与健康保险（股份）,8021
482,菲尼克斯集团控股公司,37215.4,108.5,321425.7,6337.7,Andy Briggs,英国,人寿与健康保险（股份）,4417
483,Coles集团,30601.0,1025.6,6859.5,2355.3,Steven Cain,澳大利亚,食品店和杂货店,113000
484,武田药品公司,30271.5,406.9,118636.9,43707.6,Christophe Weber,日本,制药,47495
485,法国达飞海运集团,30254.2,-229.1,32730.9,5051.5,Rodolphe J. SaadÃ©,法国,船务,86700
486,上海建工集团股份有限公司,29745.7,568.9,36935.4,4745.3,Bian Jiajun,中国,工程与建筑,42762
487,深圳市投资控股有限公司,28854.5,1593.7,100421.8,26814.1,Wang Yongjian,中国,多元化金融,67518
488,林德集团,28677.0,2285.0,86612,49074,Stephen F. Angel,英国,化学品,79886
489,盛虹控股集团有限公司,27869.6,486.5,13562.3,2808.7,Miao Hangen,中国,化学品,30631
490,维亚康姆CBS公司,27812.0,3308.0,49519,13207,Robert M. Bakish,美国,娱乐,26280
491,山东钢铁集团有限公司,27754.7,21.7,51265.1,3541.6,Hou Jun,中国,金属产品,51300
492,上海医药集团股份有限公司,27005.4,590.7,19671.6,5980.6,Cho Man,中国,批发：保健,47778
493,X5零售集团,26807.8,301.5,17301.2,1877,Igor Shekhterman,荷兰,食品店和杂货店,307444
494,星巴克公司,26508.6,3599.2,19219.6,-6232.2,Kevin R. Johnson,美国,食品：饮食服务业,346000
495,广西投资集团有限公司,26059.8,78.3,70591.4,5219.7,Zhou Lian,中国,多元化金融,30605
496,中国核工业集团有限公司,25974.9,1104.7,119401.2,19332.7,Yu Jianfeng,中国,能源,156300
497,中国中煤能源集团有限公司,25846.4,307.7,56840.6,10123.2,Li Yanjiang,中国,采矿、原油生产,122827
498,帕卡公司,25599.7,2387.9,28361.1,9706.1,R. Preston Feight,美国,建筑和农业机械,27000
499,赛默飞世尔科技公司,25542.0,3696.0,58381,29675,Marc N. Casper,美国,科学、摄影和控制设备,75000
