,Unnamed: 0,企业名称,所属行业,招聘岗位,工作地点,条件,企业信息,薪资,URL
0,0,BOSS直聘,人力资源服务,数据分析师,北京·朝阳区·太阳宫,10年以上硕士,人力资源服务已上市1000-9999人,10-11K,https://www.zhipin.com//job_detail/d197e212d9102e101nFz3N6_E1NQ.html
1,1,快手,社交网络,数据分析师,北京·海淀区·西二旗,5天/周6个月本科,社交网络已上市10000人以上,300-350元/天,https://www.zhipin.com//job_detail/b9b3cde5615884f91nBy2Nu9E1VS.html
2,2,边锋,游戏,数据分析,北京·海淀区·双榆树,在校/应届本科,游戏不需要融资1000-9999人,8-12K·14薪,https://www.zhipin.com//job_detail/3298798b141b5c891nx82964E1ZQ.html
3,3,途游游戏,游戏,数据分析,北京·朝阳区·立水桥,在校/应届硕士,游戏D轮及以上500-999人,10-15K·13薪,https://www.zhipin.com//job_detail/c14bec007289fe2c03B_0tq1FVI~.html
4,4,朝批商贸,批发/零售,数据分析,北京·朝阳区·南磨房,在校/应届本科,批发/零售不需要融资1000-9999人,5-6K,https://www.zhipin.com//job_detail/c663aef997c24c9a1nN53t-9F1RR.html
5,5,京东科技集团,互联网,数据分析,北京·大兴区·亦庄,4天/周6个月本科,互联网不需要融资1000-9999人,200-300元/天,https://www.zhipin.com//job_detail/9e1ac679b0445d3b1nd43dS9EVZS.html
6,6,法本,计算机软件,数据分析师,北京·东城区·朝阳门,1-3年大专,计算机软件已上市10000人以上,7-12K,https://www.zhipin.com//job_detail/d7117d106ddbefde1n1z2di_GFRS.html
7,7,易达未来,计算机软件,数据分析,北京·昌平区·西三旗,在校/应届本科,计算机软件未融资20-99人,10-15K,https://www.zhipin.com//job_detail/bb62122b05c71c291nd73d60ElZQ.html
8,8,全时天地在线,互联网,数据分析,北京,经验不限大专,互联网已上市1000-9999人,4-5K,https://www.zhipin.com//job_detail/5a0be5bde752c7f91nJ_2Ni8EFJR.html
9,9,美团,互联网,数据分析岗,北京·朝阳区·望京,4天/周3个月本科,互联网已上市10000人以上,150-200元/天,https://www.zhipin.com//job_detail/b6ca0d81c7465ef31nN-09y1GFpR.html
10,10,好未来,互联网,数据分析实习生,北京·昌平区·回龙观,4天/周6个月本科,互联网已上市10000人以上,100-200元/天,https://www.zhipin.com//job_detail/45ef374aed2bf83a1n142tq8GVtR.html
11,11,爱慕股份有限公司,生活服务,数据分析,北京·朝阳区·望京,1-3年本科,生活服务不需要融资10000人以上,8-12K,https://www.zhipin.com//job_detail/43c554ff486437c31H153dy8FlA~.html
12,12,搜狐媒体,互联网,数据分析实习生,北京·海淀区·中关村,4天/周6个月硕士,互联网已上市10000人以上,150-200元/天,https://www.zhipin.com//job_detail/137ec9082cc0b09d1nB80t21FFFS.html
13,13,京东集团,电子商务,数据分析师,北京·大兴区·亦庄,在校/应届本科,电子商务已上市10000人以上,14-18K·16薪,https://www.zhipin.com//job_detail/af19b20f149de5801n1909q5EVRR.html
14,14,掌愿互动,游戏,数据分析员,北京·丰台区·宋家庄,在校/应届本科,游戏B轮20-99人,12-22K·13薪,https://www.zhipin.com//job_detail/79f90d6b8dc0fbaf33F-0tS0F1I~.html
15,15,盘古智能,智能硬件,数据分析员,北京,在校/应届本科,智能硬件A轮20-99人,3-5K,https://www.zhipin.com//job_detail/3237e2b32f24f12f1nZ_3t-6E1pS.html
16,16,花园北,电子商务,数据分析,北京·海淀区·清河,1-3年本科,电子商务不需要融资100-499人,7-11K,https://www.zhipin.com//job_detail/979f55df3354e54f1nNz3tW8FFpT.html
17,17,阿里巴巴高德,互联网,数据分析专员,北京·昌平区·南邵,1-3年大专,互联网已上市1000-9999人,5-7K,https://www.zhipin.com//job_detail/270f237eaff9b3481Hd63tS4FlA~.html
18,18,运营宝,电子商务,数据分析助理,北京·大兴区·亦庄,在校/应届本科,电子商务A轮100-499人,7-10K·13薪,https://www.zhipin.com//job_detail/f679fcf2602ab9b81nx839S0FFFQ.html
19,19,高德地图,互联网,数据分析师,北京·朝阳区·望京,5天/周2个月本科,互联网已上市1000-9999人,250-350元/天,https://www.zhipin.com//job_detail/abb7a8f432d878951nZ93Nq9EVRS.html
20,20,完美世界,游戏,数据分析,北京·朝阳区·望京,经验不限本科,游戏已上市1000-9999人,20-40K,https://www.zhipin.com//job_detail/8f06b2db1b423a581nR83Nu8EldT.html
21,21,海南易睿,游戏,数据分析实习生,北京·朝阳区·柳芳,3天/周6个月大专,游戏未融资20-99人,150-200元/天,https://www.zhipin.com//job_detail/b5b4dc0d655a2d191nZ62Ni_FlJS.html
22,22,滴滴出行,移动互联网,数据分析员,北京·海淀区·西北旺,4天/周3个月本科,移动互联网D轮及以上1000-9999人,150-200元/天,https://www.zhipin.com//job_detail/eee5bd7d8c9631f31nN-2Nq4FlJT.html
23,23,金风科技,计算机软件,数据分析实习生,北京·大兴区·亦庄,4天/周3个月硕士,计算机软件已上市1000-9999人,150-160元/天,https://www.zhipin.com//job_detail/06a58ffc2a076d7a1nxy2du-GFFR.html
24,24,零点,数据服务,数据分析员,北京·朝阳区·酒仙桥,经验不限本科,数据服务已上市500-999人,5-7K,https://www.zhipin.com//job_detail/0f9a69f14e62f50f0nF53NW4EA~~.html
25,25,滴滴,移动互联网,数据分析师,北京·海淀区·西北旺,5天/周3个月本科,移动互联网D轮及以上1000-9999人,240-300元/天,https://www.zhipin.com//job_detail/816ed15d339978b91n1y2N--ElRQ.html
26,26,上海才谛,人力资源服务,数据分析,北京·海淀区·上地,5-10年本科,人力资源服务0-20人,35-60K·15薪,https://www.zhipin.com//job_detail/bc8f9f90760b35ed1nF73dS-GFBQ.html
27,27,恒华龙信,计算机软件,数据分析建模师,北京·西城区·牡丹园,在校/应届硕士,计算机软件未融资20-99人,10-15K·13薪,https://www.zhipin.com//job_detail/ee5a6929dd77499303B43di0ElA~.html
28,28,麦吉太文科技,游戏,数据分析,北京·朝阳区·太阳宫,5-10年本科,游戏未融资500-999人,20-35K·16薪,https://www.zhipin.com//job_detail/f8c5e81c21f790091nJz09i_FFBQ.html
29,29,锐安科技,互联网,数据分析工程师,北京·海淀区·清河,在校/应届本科,互联网未融资1000-9999人,10-15K·13薪,https://www.zhipin.com//job_detail/6d7b4a427e6c96bc1nxy3N65FVdQ.html
30,30,眉州东坡集团,生活服务,数据分析员,北京,1-3年大专,生活服务不需要融资100-499人,6-10K,https://www.zhipin.com//job_detail/8ff244b4154cfcf31nJ63961EVdT.html
31,31,新浪网,互联网,算法数据分析,北京·海淀区·上地,5天/周3个月本科,互联网不需要融资1000-9999人,100-150元/天,https://www.zhipin.com//job_detail/3176714fbfb4a8451n1_3d6-F1NR.html
32,32,百度,互联网,数据分析师,北京·海淀区·西北旺,经验不限本科,互联网已上市10000人以上,11-16K,https://www.zhipin.com//job_detail/eb4425201406ea9e1nx_3Nq6GVVS.html
33,33,京东世纪贸易有限公司,互联网,数据分析岗,北京·大兴区·亦庄,5-10年本科,互联网已上市10000人以上,40-60K·14薪,https://www.zhipin.com//job_detail/ed9886bb3c8fe16c1nJy2du7E1dT.html
34,34,医脉通,互联网,数据分析,北京·朝阳区·定福庄,经验不限本科,互联网未融资100-499人,6-10K,https://www.zhipin.com//job_detail/bb73b67e35110c0c1nZy3t-0GVJR.html
35,35,京东物流,物流/仓储,数据分析师,北京·大兴区·亦庄,5-10年本科,物流/仓储已上市10000人以上,15-25K·15薪,https://www.zhipin.com//job_detail/92ff875a6297fd881n1-3t6-FFdR.html
36,36,陌陌,移动互联网,数据分析实习生,北京·朝阳区·望京,4天/周3个月本科,移动互联网已上市1000-9999人,150-180元/天,https://www.zhipin.com//job_detail/ff12aaf744d502811nxy2Nu4FVpQ.html
37,37,北京易华录,互联网,数据分析师,北京·石景山区·杨庄,5-10年本科,互联网已上市1000-9999人,15-25K,https://www.zhipin.com//job_detail/2d7f3786da3a026e1n162d66ElZR.html
38,38,快手,互联网,数据分析实习生,北京·海淀区·清河,5天/周3个月本科,互联网已上市1000-9999人,200-400元/天,https://www.zhipin.com//job_detail/ed5955f58d8862891nR_09S0EVpR.html
39,39,黑丘,企业服务,数据分析师,北京·东城区·东四,3-5年本科,企业服务0-20人,12-18K,https://www.zhipin.com//job_detail/427cf526553bf1611X1z3du4E1M~.html
40,40,斑马天下,在线教育,数据分析实习生,北京·朝阳区·酒仙桥,5天/周3个月硕士,在线教育A轮500-999人,150-200元/天,https://www.zhipin.com//job_detail/ed726226753bc99e3nd_3N2_GFI~.html
41,41,捷翊汽车租赁,汽车生产,数据分析,北京·东城区·建国门内,1-3年本科,汽车生产B轮1000-9999人,9-14K,https://www.zhipin.com//job_detail/7b6e2a58c69f248f1nx-2tm1EVJQ.html
42,42,软通动力,计算机软件,地图数据分析,北京·海淀区·西北旺,1-3年大专,计算机软件已上市10000人以上,7-10K,https://www.zhipin.com//job_detail/ab17452e3db01e6e1nRz39m6EVRT.html
43,43,能高普康,电力/热力/燃气/水利,数据分析师,北京,在校/应届本科,电力/热力/燃气/水利未融资20-99人,7-12K,https://www.zhipin.com//job_detail/037ea6bd0b7ab89a1nF73Ny1GFJR.html
44,44,长城汽车,汽车生产,数据分析,北京·丰台区·广安门,3-5年硕士,汽车生产已上市10000人以上,13-20K,https://www.zhipin.com//job_detail/3de12c78ca36a2d433Ry3dy6F1I~.html
45,45,数说故事,互联网,数据分析实习生,北京·朝阳区·三元桥,5天/周3个月本科,互联网C轮100-499人,90-100元/天,https://www.zhipin.com//job_detail/20ea1010863538d41nxy0t-0FVdS.html
46,46,北京智源研究院,非盈利机构,数据分析师,北京·海淀区·五道口,4天/周6个月本科,非盈利机构不需要融资100-499人,150-200元/天,https://www.zhipin.com//job_detail/e0f1b132b987c66b1nJ43dq1EFBT.html
47,47,鑫世达,船舶/航空/航天,数据分析师,北京·大兴区·西红门,1-3年本科,船舶/航空/航天0-20人,8-10K,https://www.zhipin.com//job_detail/2d57e3b96ca6789e1nZ73NW1ElVQ.html
48,48,柏睿数据,数据服务,数据分析师,北京,在校/应届本科,数据服务C轮100-499人,9-14K,https://www.zhipin.com//job_detail/ba0d49624a5d682d1nF-09i8EldR.html
49,49,中视购物,贸易/进出口,数据分析,北京·海淀区·公主坟,1-3年本科,贸易/进出口不需要融资500-999人,6-8K,https://www.zhipin.com//job_detail/d71995a80fd2c2f20nd739u1F1c~.html
50,50,慧博云通,计算机软件,数据分析师（双休）,北京·海淀区·牡丹园,1-3年大专,计算机软件B轮1000-9999人,8-12K,https://www.zhipin.com//job_detail/ac2f1638d6b3e2fe1n1y3d-9FlVS.html
51,51,网易,移动互联网,数据分析实习生,北京·海淀区·西北旺,5天/周3个月本科,移动互联网已上市10000人以上,200-250元/天,https://www.zhipin.com//job_detail/b1202187c8e783621nx73tW-ElZS.html
52,52,中科软,计算机软件,大数据分析,北京·朝阳区·望京,3-5年本科,计算机软件已上市10000人以上,20-22K,https://www.zhipin.com//job_detail/137110b88542a1371n1y2Nu1E1RS.html
53,53,山西天融,环保,数据分析师,北京·海淀区·西三旗,5-10年本科,环保不需要融资20-99人,10-15K,https://www.zhipin.com//job_detail/32a11df32d7b44481nR42dy1EFRT.html
54,54,善诚国际,装修装饰,商业数据分析,北京·海淀区·学院路,经验不限学历不限,装修装饰已上市100-499人,6-11K,https://www.zhipin.com//job_detail/27a48d690e48ec941nx-0tq-ElBQ.html
55,55,智蓝云信,计算机软件,数据分析,北京·海淀区·西北旺,1-3年本科,计算机软件不需要融资1000-9999人,12-16K,https://www.zhipin.com//job_detail/eb9226d36a904c9d1nN709-9ElVR.html
56,56,华数医汇,制药,数据分析实习生,北京·朝阳区·建外,3天/周3个月本科,制药天使轮20-99人,150-180元/天,https://www.zhipin.com//job_detail/3fd3214bdf2d39b71n153t-_FFFT.html
57,57,今日头条,移动互联网,数据分析,北京·海淀区·中关村,3-5年本科,移动互联网不需要融资10000人以上,30-35K,https://www.zhipin.com//job_detail/e43b8a1b4cb544da1n1909u8GVNQ.html
58,58,捷耐拓,服装/纺织/皮革,数据分析（实习生）,北京,经验不限大专,服装/纺织/皮革未融资20-99人,4-6K,https://www.zhipin.com//job_detail/ef96e1cdf045f5301nN829W5GFpT.html
59,59,华博创科,计算机软件,数据分析师,北京·通州区·中仓,5-10年本科,计算机软件已上市100-499人,3-8K,https://www.zhipin.com//job_detail/b8df2e22391c3e931nZ43t68EVVR.html
60,60,爱侬养老,生活服务,数据分析师,北京·朝阳区·劲松,1-3年大专,生活服务100-499人,10-15K,https://www.zhipin.com//job_detail/d10b5aaec3a54a111nFy2t20GFNR.html
61,61,软通动力信息技术集团,计算机软件,数据分析师,北京·海淀区·西二旗,1-3年本科,计算机软件已上市10000人以上,10-16K,https://www.zhipin.com//job_detail/299e353686fc9df11n192N28E1NS.html
62,62,数城未来,互联网,数据分析实习生,北京·朝阳区·双井,5天/周3个月本科,互联网天使轮20-99人,200-250元/天,https://www.zhipin.com//job_detail/b3b92c1180d0e01b1HN73dm-FVI~.html
63,63,华北利星行,机械设备/机电/重工,数据分析实习生,北京·通州区·马驹桥,5天/周6个月本科,机械设备/机电/重工不需要融资1000-9999人,150-200元/天,https://www.zhipin.com//job_detail/55086209db688a241nF82NW8EVRQ.html
64,64,微博,互联网,数据分析实习生,北京·海淀区·上地,4天/周3个月本科,互联网已上市1000-9999人,100-150元/天,https://www.zhipin.com//job_detail/074f4b10108ebf091nZ829W6F1BQ.html
65,65,枫叶汽车,互联网,数据分析师,北京·朝阳区·双井,5-10年本科,互联网未融资100-499人,15-20K,https://www.zhipin.com//job_detail/2dd8dad38c1325470nB_2NS-GFE~.html
66,66,北京圣世博泰,智能硬件,广告数据分析实习生,北京,5天/周6个月本科,智能硬件不需要融资100-499人,200-250元/天,https://www.zhipin.com//job_detail/fff56e0f22bbdd031nJz29--F1JR.html
67,67,鑫多多网络,互联网,电子信息工程实习生、大数据分析,北京·丰台区·科技园区,经验不限大专,互联网20-99人,6-8K,https://www.zhipin.com//job_detail/0fade0a23d9bab751nR_2N-4GVVR.html
68,68,铂睿德佳,咨询,数据分析员,北京·朝阳区·望京,经验不限本科,咨询不需要融资20-99人,5-7K,https://www.zhipin.com//job_detail/8240360b6359532c1nZ92Nu6FFNR.html
69,69,闪送,移动互联网,数据分析,北京·海淀区·东小口,5-10年本科,移动互联网D轮及以上1000-9999人,30-40K·15薪,https://www.zhipin.com//job_detail/69d62b10ffac6c611nJ53Nq4F1VQ.html
70,70,北京新氧科技,互联网,数据分析 实习生,北京·朝阳区·望京,4天/周3个月本科,互联网已上市1000-9999人,150-170元/天,https://www.zhipin.com//job_detail/0223706a88c100001nN43dW6E1JR.html
71,71,博彦科技,计算机软件,数据分析师,北京·海淀区·西北旺,1-3年本科,计算机软件已上市10000人以上,10-15K,https://www.zhipin.com//job_detail/9907320df7bfcb601n1y3tm0EFVT.html
72,72,宁夏国投云贷,互联网金融,数据分析实习生,北京·海淀区·航天桥,4天/周6个月本科,互联网金融不需要融资20-99人,150-200元/天,https://www.zhipin.com//job_detail/3b8f1e2954dc69671nN72du1FFNQ.html
73,73,泰瑞数创,计算机软件,数据分析主管,北京·海淀区·清河,5-10年本科,计算机软件D轮及以上100-499人,15-20K,https://www.zhipin.com//job_detail/0aebb8b52bd44c511nJy2ty0GFJQ.html
74,74,清环智源,环保,综合数据分析师（北京）,北京·海淀区·五道口,经验不限硕士,环保不需要融资20-99人,10-15K,https://www.zhipin.com//job_detail/ecf27ca77fdc090f1nB83t20FVJT.html
75,75,顺丰速运有限公司,物流/仓储,数据分析员,北京·通州区·马驹桥,3-5年本科,物流/仓储已上市20-99人,9-12K,https://www.zhipin.com//job_detail/a0fa34fe9a0998b41nZ939q-F1JQ.html
76,76,中科易研,数据服务,数据分析师,北京·西城区·马甸,经验不限硕士,数据服务未融资20-99人,8-13K,https://www.zhipin.com//job_detail/5a67e4fd000951441nJz3t26E1BT.html
77,77,小米,互联网,海外数据分析,北京·海淀区·清河,5-10年本科,互联网已上市10000人以上,15-25K·14薪,https://www.zhipin.com//job_detail/685d611cf308dd021nJ63N20E1VR.html
78,78,智领众悦,互联网,数据分析师,北京·朝阳区·建国门,3-5年大专,互联网不需要融资20-99人,11-22K·14薪,https://www.zhipin.com//job_detail/0035445fbe2531091nN53Nq1GFZS.html
79,79,贝瑞和康,医疗健康,遗传数据分析员,北京,经验不限学历不限,医疗健康已上市1000-9999人,7-12K,https://www.zhipin.com//job_detail/6d8fc220fe24b0391nN5296-F1RQ.html
80,80,VIPKID,移动互联网,数据分析师,北京·朝阳区·十里堡,1年以内本科,移动互联网D轮及以上10000人以上,10-15K,https://www.zhipin.com//job_detail/99fcdaf47ada1bf41HZz29q-FFI~.html
81,81,精友,数据服务,数据分析师,北京·海淀区·上地,5-10年本科,数据服务不需要融资500-999人,11-20K,https://www.zhipin.com//job_detail/5ae23f821b55df5b1nx-3Nm4EFpQ.html
82,82,当当网,电子商务,数据分析师,北京·朝阳区·左家庄,5-10年本科,电子商务已上市1000-9999人,20-35K·14薪,https://www.zhipin.com//job_detail/06174dde379b6b4a1nJ_0tq5GFRQ.html
83,83,闪电快车,互联网,数据分析师,北京·朝阳区·立水桥,经验不限本科,互联网D轮及以上10000人以上,11-22K·16薪,https://www.zhipin.com//job_detail/c2e9b5e726bb59761nVz09y6E1RQ.html
84,84,中质国优,数据服务,数据分析师,北京·海淀区·花园桥,1年以内硕士,数据服务未融资20-99人,9-10K,https://www.zhipin.com//job_detail/ef52fb4185c861fd1n1z29u7Flc~.html
85,85,思源智能,智能硬件,数据分析师,北京·海淀区·上地,经验不限学历不限,智能硬件B轮20-99人,10-15K,https://www.zhipin.com//job_detail/6af857b4df975d231nZ72t-9GFBQ.html
86,86,锐亚教育,在线教育,python数据分析实习生,北京·顺义区·后沙峪,4天/周3个月本科,在线教育不需要融资100-499人,150-300元/天,https://www.zhipin.com//job_detail/bfc0cd253ccb3cfd1nN53dm4ElNS.html
87,87,优矩互动,广告营销,数据分析师,北京·朝阳区·酒仙桥,1年以内本科,广告营销已上市1000-9999人,9-14K,https://www.zhipin.com//job_detail/12b7120cab3ded3d1nxy2t-_GFpQ.html
88,88,北京城建,数据服务,数据分析员,北京·西城区·展览路,经验不限本科,数据服务不需要融资500-999人,10-12K,https://www.zhipin.com//job_detail/43a6f81ccbbafa2e1nV90929E1NU.html
89,89,顺丰速运,物流/仓储,物流数据分析专员,北京,1-3年大专,物流/仓储已上市10000人以上,7-8K,https://www.zhipin.com//job_detail/6b5974d754e6c5f41n1709-_FVdV.html
90,90,和兴健康科技,医疗健康,数据分析师,北京·朝阳区·国贸,经验不限本科,医疗健康C轮20-99人,8-13K,https://www.zhipin.com//job_detail/61e334765009943d1nF739q8FlFS.html
91,91,中科创达软件,计算机软件,数据分析师，河北廊坊办公,北京·朝阳区·望京,1-3年大专,计算机软件已上市1000-9999人,10-15K,https://www.zhipin.com//job_detail/64cc23deb00d6a0b1n1_2NS7EVZR.html
92,92,阿米巴,智能硬件,数据分析师,北京·海淀区·五道口,经验不限大专,智能硬件未融资20-99人,8-13K,https://www.zhipin.com//job_detail/9423fc8aba8bf9611nx-2t-9GFpR.html
93,93,TATA木门,家具/家电/家居,数据分析师,北京,1-3年本科,家具/家电/家居未融资10000人以上,8-10K,https://www.zhipin.com//job_detail/f042883142f782ff1nF72dq1EFpQ.html
94,94,琥珀创想,移动互联网,数据分析实习生-商业化方向,北京·朝阳区·立水桥,5天/周5个月本科,移动互联网不需要融资20-99人,200-300元/天,https://www.zhipin.com//job_detail/9e1ea4eb92ef7feb33J_3dS5EFM~.html
95,95,一点资讯,移动互联网,数据分析实习生,北京·朝阳区·酒仙桥,经验不限本科,移动互联网D轮及以上1000-9999人,5-7K,https://www.zhipin.com//job_detail/c7ce64c3b5faf90b1n1z2t-0FVJU.html
96,96,美篇,社交网络,数据分析师,北京·海淀区·知春路,5-10年本科,社交网络B轮100-499人,15-30K·14薪,https://www.zhipin.com//job_detail/520f3cf7504635600Hx53tS0F1I~.html
97,97,毕马威,咨询,毕马威北京实习金融风险咨询数据分析建模岗,北京·东城区·东单,4天/周3个月本科,咨询不需要融资1000-9999人,150-200元/天,https://www.zhipin.com//job_detail/64be75c24ede2f761nx_39W7GVJT.html
98,98,松云阳,互联网,数据分析,北京·朝阳区·望京,5-10年本科,互联网100-499人,30-50K,https://www.zhipin.com//job_detail/93df0b663724ff000XF53dm5EVA~.html
99,99,友谱网络科技,数据服务,数据分析师,北京·朝阳区·小营,经验不限硕士,数据服务不需要融资20-99人,11-17K,https://www.zhipin.com//job_detail/64f60e94232faf8b1X183dS0FVA~.html
100,100,北京字节跳动,移动互联网,数据分析,北京·海淀区·中关村,1-3年本科,移动互联网D轮及以上10000人以上,13-26K·15薪,https://www.zhipin.com//job_detail/e6b206bdead97e311nxy09u9ElpS.html
101,101,创金启富,基金,数据分析师,北京,经验不限本科,基金20-99人,8-13K,https://www.zhipin.com//job_detail/639bcb7b9bff258a1nB-09-9FlRR.html
102,102,喜旺,日化,数据分析,北京·朝阳区·酒仙桥,1-3年本科,日化未融资20-99人,12-20K,https://www.zhipin.com//job_detail/e4327cea3500b2391nJ_2ty4FFdR.html
103,103,天际友盟,信息安全,数据分析师,北京,经验不限本科,信息安全B轮20-99人,8-13K·18薪,https://www.zhipin.com//job_detail/d2e9376d45ccc5321nF63du4ElRQ.html
104,104,测测,互联网,数据分析,北京,3-5年本科,互联网A轮100-499人,15-25K,https://www.zhipin.com//job_detail/ba7b063c393f62e51nJ63d24F1RT.html
105,105,山西朗驰科技有限公司,计算机软件,数据分析师,北京,1年以内本科,计算机软件不需要融资500-999人,7-8K,https://www.zhipin.com//job_detail/4be62b3a6f6141ed1nx_3Nq9GFRT.html
106,106,及客科技,互联网,数据分析师,北京·朝阳区·管庄,1-3年本科,互联网A轮20-99人,6-10K,https://www.zhipin.com//job_detail/9c70be54c6f486011nB_09i9EVBR.html
107,107,原力棱镜,游戏,数据分析师,北京·海淀区·北太平庄,5-10年本科,游戏不需要融资100-499人,20-30K·16薪,https://www.zhipin.com//job_detail/9f471c4f6175dfc31nx-29W_ElpQ.html
108,108,中信银行,银行,数据分析师,北京·朝阳区·青年路,3-5年本科,银行已上市10000人以上,9-10K·18薪,https://www.zhipin.com//job_detail/12d759768b5eb1a81nN609q1ElJQ.html
109,109,Zenjoy,移动互联网,数据分析,北京·东城区·朝阳门,3-5年本科,移动互联网不需要融资100-499人,15-25K·13薪,https://www.zhipin.com//job_detail/0ed46bd96fc3ca863nN62dS7FlM~.html
110,110,高霖海拓(北京)...,培训机构,兼职数据分析讲师,北京·海淀区·学院路,3-5年硕士,培训机构不需要融资20-99人,6-11K,https://www.zhipin.com//job_detail/629d2303757d80901nZ709q1GVFQ.html
111,111,北京星图数网科技,互联网,数据分析师,北京·大兴区·亦庄,1-3年本科,互联网A轮20-99人,8-12K·15薪,https://www.zhipin.com//job_detail/4667665fb4e61ef91nV_29-6FlZR.html
112,112,北京珀菲克特国际...,建筑设计,数据分析师,北京,5-10年本科,建筑设计A轮100-499人,30-45K·14薪,https://www.zhipin.com//job_detail/22024b9e151ab8b71nx-29q4EFJT.html
113,113,瑞幸咖啡,互联网,数据分析专员,北京,1-3年本科,互联网已上市10000人以上,8-13K,https://www.zhipin.com//job_detail/d435d2809e8bad8f1nR_3ti-EVFT.html
114,114,数太奇,互联网,高级研究员（政策和数据分析方向）,北京·东城区·东直门,1-3年硕士,互联网不需要融资100-499人,10-15K·13薪,https://www.zhipin.com//job_detail/9ef8a2e8f48812cd1nJ_0ty6FlFT.html
115,115,貔坤量化,互联网金融,数据分析师,北京·朝阳区·三元桥,经验不限硕士,互联网金融不需要融资20-99人,25-50K·13薪,https://www.zhipin.com//job_detail/9dcbb2db6e760fe91nx42t-7F1VU.html
116,116,凯恩思咨询,咨询,数据分析,北京·朝阳区·常营,经验不限本科,咨询不需要融资20-99人,6-7K,https://www.zhipin.com//job_detail/d8feb27106e190a31nR63t--E1pV.html
117,117,智善,计算机软件,数据分析师,北京·西城区·金融街,5-10年本科,计算机软件未融资20-99人,15-23K,https://www.zhipin.com//job_detail/dbc5f687573120b81nN-2d-5ElVQ.html
118,118,vivo,移动互联网,数据分析专家,北京·朝阳区·酒仙桥,5-10年本科,移动互联网不需要融资10000人以上,45-75K,https://www.zhipin.com//job_detail/ddc6c333f2e6b5131nF62Nq7FVtQ.html
119,119,驰远科技,计算机软件,python数据分析,北京,5天/周12个月本科,计算机软件未融资20-99人,120-240元/天,https://www.zhipin.com//job_detail/8fd7059bc8b3d70b1nFz3N61F1VT.html
120,120,Lianjia.链家,地产经纪/中介,数据分析专员,北京·朝阳区·酒仙桥,经验不限本科,地产经纪/中介C轮20-99人,10-15K·15薪,https://www.zhipin.com//job_detail/ee36094050950b441n1_29W_FVBQ.html
121,121,新世纪青年餐饮,企业服务,数据分析师,北京·朝阳区·朝阳路,1-3年本科,企业服务B轮20-99人,6-8K·14薪,https://www.zhipin.com//job_detail/00ba73f4c0fe9b831nN42964GVpR.html
122,122,数榜科技,数据服务,数据分析师,北京·朝阳区·朝阳大悦城,1年以内本科,数据服务不需要融资0-20人,8-12K,https://www.zhipin.com//job_detail/38d257b63c18253f1nJ60t--FVNT.html
123,123,京东集团,电子商务,数据分析岗,北京·大兴区·亦庄,经验不限本科,电子商务已上市10000人以上,10-15K·13薪,https://www.zhipin.com//job_detail/91b1a1b9c37e8b351n1909W-GFZU.html
124,124,好未来,互联网,数据分析实习生,北京·海淀区·清河,4天/周3个月本科,互联网已上市10000人以上,150-200元/天,https://www.zhipin.com//job_detail/bb2668db1122dcdc1nN42t-4F1tQ.html
125,125,京东科技集团,互联网,数据分析师,北京·大兴区·亦庄,4天/周3个月硕士,互联网不需要融资1000-9999人,150-200元/天,https://www.zhipin.com//job_detail/2382b413c7ecff7f1nx53Ny7GVBT.html
126,126,BOSS直聘,人力资源服务,数据分析师,北京·朝阳区·太阳宫,在校/应届本科,人力资源服务已上市1000-9999人,10-15K·16薪,https://www.zhipin.com//job_detail/7a571c087876c9f103Z9392-EVA~.html
127,127,快手,社交网络,数据分析实习生,北京·海淀区·上地,5天/周3个月本科,社交网络已上市10000人以上,300-350元/天,https://www.zhipin.com//job_detail/0a28d49ee9200a401nN62tu6EFFT.html
128,128,百度,互联网,数据分析实习生,北京·海淀区·上地,5天/周3个月本科,互联网已上市10000人以上,150-200元/天,https://www.zhipin.com//job_detail/c9169754fad317bb1nx72Ny5GFBT.html
129,129,滴滴出行,移动互联网,数据分析师,北京·海淀区·西二旗,4天/周3个月本科,移动互联网D轮及以上1000-9999人,200-260元/天,https://www.zhipin.com//job_detail/638cb68a1ab81ae91nR53Ny8EFBR.html
130,130,滴滴,移动互联网,数据分析实习生,北京·海淀区·西北旺,5天/周4个月本科,移动互联网D轮及以上1000-9999人,250-300元/天,https://www.zhipin.com//job_detail/4e7dea6fdde0b76c1nN53dm7FlNT.html
131,131,京东世纪贸易有限公司,互联网,数据分析实习生,北京·大兴区·亦庄,4天/周3个月本科,互联网已上市10000人以上,200-250元/天,https://www.zhipin.com//job_detail/376dd7f1bf4706e41nxy29S_EFVQ.html
132,132,博彦科技,计算机软件,数据分析师,北京·朝阳区·国贸,1-3年本科,计算机软件已上市10000人以上,10-15K,https://www.zhipin.com//job_detail/e1fa6f49382a6ff61n1y2t6_F1JU.html
133,133,美团,互联网,供给数据分析,北京·朝阳区·望京,5-10年本科,互联网已上市10000人以上,20-25K·15薪,https://www.zhipin.com//job_detail/514836328347134c1nN-3t61FldR.html
134,134,金风科技,计算机软件,数据分析实习生,北京,5天/周2个月本科,计算机软件已上市1000-9999人,120-160元/天,https://www.zhipin.com//job_detail/69df283680fcf1141nF92Nu_EVBQ.html
135,135,小米,互联网,数据分析师,北京·海淀区·清河,5-10年本科,互联网已上市10000人以上,30-60K·14薪,https://www.zhipin.com//job_detail/84a5e8d47662a26d1n142tm6EFdS.html
136,136,恒华龙信,计算机软件,数据分析师,北京·西城区·牡丹园,3-5年硕士,计算机软件未融资20-99人,8-12K·13薪,https://www.zhipin.com//job_detail/1bdb3f74d585b6aa1nF93NS4EFdQ.html
137,137,便利蜂,互联网,数据分析专家,北京·朝阳区·太阳宫,5-10年本科,互联网不需要融资10000人以上,40-60K·14薪,https://www.zhipin.com//job_detail/17b7d5aafcf914ca1nx43dy9E1JW.html
138,138,闪送,移动互联网,数据分析经理,北京·海淀区·东小口,5-10年本科,移动互联网D轮及以上1000-9999人,30-50K·15薪,https://www.zhipin.com//job_detail/e974aafc09ccffcf1nJ72Nq6EFJR.html
139,139,途游游戏,游戏,数据分析师,北京·朝阳区·立水桥,在校/应届本科,游戏D轮及以上500-999人,11-20K·13薪,https://www.zhipin.com//job_detail/c3d63b03883df27c1nV82N25E1FR.html
140,140,今日头条,移动互联网,字节跳动——数据分析（经营分析）,北京·海淀区·中关村,4天/周3个月本科,移动互联网不需要融资10000人以上,150-200元/天,https://www.zhipin.com//job_detail/7374582f102a81aa1n1-2dy0EFJV.html
141,141,优矩互动,广告营销,数据分析师（实习）,北京,5天/周3个月本科,广告营销已上市1000-9999人,160-200元/天,https://www.zhipin.com//job_detail/38befb509b904aba1nF60tm-EVVR.html
142,142,捷耐拓,服装/纺织/皮革,数据分析（实习）,北京,经验不限本科,服装/纺织/皮革未融资20-99人,3-6K,https://www.zhipin.com//job_detail/d909d8a65518af6c1nN82t21EFZR.html
143,143,天眼查,互联网,数据分析,北京·石景山区·古城,3-5年本科,互联网不需要融资1000-9999人,20-30K·13薪,https://www.zhipin.com//job_detail/68e94129b9a2d1d41nFz2t2_F1FT.html
144,144,掌愿互动,游戏,数据分析师,北京·丰台区·宋家庄,经验不限本科,游戏B轮20-99人,10-15K,https://www.zhipin.com//job_detail/6fb09f3e95dc5d171nx72di4FFdQ.html
145,145,高德地图,互联网,数据分析师,北京·昌平区·昌平镇,3-5年硕士,互联网已上市1000-9999人,20-40K,https://www.zhipin.com//job_detail/2b82649674ec0c3f1nF709y5EVBQ.html
146,146,长城汽车,汽车生产,数据分析师,北京·丰台区·广安门,经验不限本科,汽车生产已上市10000人以上,15-25K·15薪,https://www.zhipin.com//job_detail/9d18af4857e811ab1nx-2tS7ElVQ.html
147,147,陌陌,移动互联网,数据分析,北京·朝阳区·望京,3-5年本科,移动互联网已上市1000-9999人,20-40K·16薪,https://www.zhipin.com//job_detail/a065e708f4f2130e1nJ-3ty0EVpV.html
148,148,北京理工新源,互联网,大数据分析师,北京·海淀区·魏公村,4天/周8个月硕士,互联网不需要融资100-499人,200-400元/天,https://www.zhipin.com//job_detail/2d24a23c65554d371nJ529S6E1tT.html
149,149,京东集团,电子商务,商业数据分析,北京·大兴区·亦庄,4天/周3个月本科,电子商务已上市10000人以上,150-200元/天,https://www.zhipin.com//job_detail/7fb53da31e80598d1nxy39W9EVRS.html
150,150,滴滴,移动互联网,数据分析师,北京·海淀区·西北旺,5天/周4个月本科,移动互联网D轮及以上1000-9999人,220-350元/天,https://www.zhipin.com//job_detail/8015b8be207fab8f1nx709q-EFdR.html
151,151,BOSS直聘,人力资源服务,数据分析师,北京·朝阳区·太阳宫,1-3年本科,人力资源服务已上市1000-9999人,10-11K,https://www.zhipin.com//job_detail/d82c207046904e8c33J70tS1E1M~.html
152,152,京东集团,电子商务,数据分析师,北京·大兴区·亦庄,5-10年本科,电子商务已上市10000人以上,25-40K,https://www.zhipin.com//job_detail/72d2c9bbede74ef43nR43Nq6EFE~.html
153,153,滴滴,移动互联网,数据分析实习生,北京·海淀区·上地,4天/周4个月本科,移动互联网D轮及以上1000-9999人,240-300元/天,https://www.zhipin.com//job_detail/1618a112631cf98a1nN43tu5ElZQ.html
154,154,BOSS直聘,人力资源服务,数据分析,北京·朝阳区·太阳宫,3-5年本科,人力资源服务已上市1000-9999人,25-50K,https://www.zhipin.com//job_detail/b4176cace68c73f61nBz2di1FVJQ.html
155,155,京东集团,电子商务,数据分析实习生,北京·大兴区·亦庄,4天/周3个月本科,电子商务已上市10000人以上,100-150元/天,https://www.zhipin.com//job_detail/d3392ffe3c0440311nZ62dy9F1JR.html
156,156,滴滴,移动互联网,数据分析实习生,北京·海淀区·西北旺,5天/周3个月硕士,移动互联网D轮及以上1000-9999人,200-250元/天,https://www.zhipin.com//job_detail/77689b53dee2a9131nB-3ty_FlVT.html
157,157,BOSS直聘,人力资源服务,数据分析师,北京·朝阳区·太阳宫,1-3年硕士,人力资源服务已上市1000-9999人,25-40K·16薪,https://www.zhipin.com//job_detail/0c605ee30d9172791n183NS4EFRQ.html
158,158,京东集团,电子商务,数据分析师,北京·通州区·次渠,经验不限本科,电子商务已上市10000人以上,10-15K,https://www.zhipin.com//job_detail/66bd1e64e336be951XZ539m5ElI~.html
159,159,滴滴,移动互联网,数据分析实习生,北京·海淀区·西北旺,4天/周3个月本科,移动互联网D轮及以上1000-9999人,200-260元/天,https://www.zhipin.com//job_detail/b0a22ff95d7c1de01nN629W-GFVR.html
160,160,BOSS直聘,人力资源服务,数据分析师,北京·朝阳区·太阳宫,经验不限本科,人力资源服务已上市1000-9999人,20-30K·16薪,https://www.zhipin.com//job_detail/71abff016590253d1nV_3dW-GVpR.html
161,161,滴滴,移动互联网,数据分析实习生,北京·海淀区·上地,4天/周6个月本科,移动互联网D轮及以上1000-9999人,200-300元/天,https://www.zhipin.com//job_detail/45c36ebbfe0764b91nFz09q9E1NT.html
162,162,京东集团,电子商务,数据分析师,北京·通州区·次渠,5-10年本科,电子商务已上市10000人以上,15-30K·14薪,https://www.zhipin.com//job_detail/d52517a07a733cb60nR409q9FVI~.html
163,163,BOSS直聘,人力资源服务,数据分析师,北京·朝阳区·太阳宫,1-3年硕士,人力资源服务已上市1000-9999人,15-18K·16薪,https://www.zhipin.com//job_detail/ec0b7d746b1173660XV83968FVA~.html
164,164,滴滴,移动互联网,滴滴数据分析实习生急招,北京·海淀区·上地,4天/周6个月硕士,移动互联网D轮及以上1000-9999人,200-250元/天,https://www.zhipin.com//job_detail/e21e3aea6a5c10f71nF929i4GFVT.html
165,165,京东集团,电子商务,数据分析岗,北京·大兴区·亦庄,3-5年本科,电子商务已上市10000人以上,20-40K·14薪,https://www.zhipin.com//job_detail/11528e31a7c4df9d1n1y2dy7ElVQ.html
166,166,滴滴,移动互联网,数据分析（地图）,北京·海淀区·西北旺,1-3年大专,移动互联网D轮及以上1000-9999人,8-13K,https://www.zhipin.com//job_detail/d4970a6174126d2a1nN53t-1FFtR.html
167,167,京东集团,电子商务,数据分析负责人,北京,5-10年本科,电子商务已上市10000人以上,40-70K·15薪,https://www.zhipin.com//job_detail/5bd7c8234af64bcc1n183tq1GVBT.html
168,168,滴滴,移动互联网,数据分析实习生,北京·海淀区·上地,经验不限本科,移动互联网D轮及以上1000-9999人,5-7K,https://www.zhipin.com//job_detail/5729d9748bb18cbc1n1_2Nq9FVRU.html
169,169,京东集团,电子商务,数据分析实习生,北京·大兴区·亦庄,应届生硕士,电子商务已上市10000人以上,2-4K,https://www.zhipin.com//job_detail/34ea4ed97c3b41341XFy2dW-FFA~.html
170,170,滴滴,移动互联网,数据分析实习生,北京·海淀区·上地,5天/周3个月本科,移动互联网D轮及以上1000-9999人,240-300元/天,https://www.zhipin.com//job_detail/89bb3809d47ec7ea1n1-39m8EVBR.html
171,171,京东集团,电子商务,数据分析师,北京·通州区·次渠,经验不限本科,电子商务已上市10000人以上,15-25K·14薪,https://www.zhipin.com//job_detail/be8e35661db5b6a80nd83Ni0EVM~.html
172,172,滴滴,移动互联网,数据分析实习生,北京·海淀区·西北旺,经验不限本科,移动互联网D轮及以上1000-9999人,4-6K,https://www.zhipin.com//job_detail/22328e0cca8102591nN629W-EldQ.html
173,173,京东集团,电子商务,数据分析,北京·通州区·次渠,1-3年本科,电子商务已上市10000人以上,8-15K,https://www.zhipin.com//job_detail/391d6846478232561XN82Ni4FFI~.html
174,174,滴滴,移动互联网,数据分析实习生,北京·海淀区·西北旺,4天/周4个月学历不限,移动互联网D轮及以上1000-9999人,200-260元/天,https://www.zhipin.com//job_detail/4e67e2036a28d9951nd43di0EldR.html
175,175,京东集团,电子商务,数据分析实习生,北京·大兴区·亦庄,经验不限本科,电子商务已上市10000人以上,3-4K,https://www.zhipin.com//job_detail/58223f71768aba501nNz3Nm-EVtT.html
176,176,京东集团,电子商务,数据分析师,北京·大兴区·亦庄,3-5年本科,电子商务已上市10000人以上,15-30K·14薪,https://www.zhipin.com//job_detail/5cb403ff44df96ee1n140tS1E1JR.html
177,177,滴滴,移动互联网,数据分析师实习生,北京·海淀区·西北旺,4天/周4个月硕士,移动互联网D轮及以上1000-9999人,200-260元/天,https://www.zhipin.com//job_detail/f16630c38e7225460XF_39y7FFM~.html
0,0,法本,计算机软件,数据分析,深圳·福田区·会展中心,1-3年本科,计算机软件已上市10000人以上,9-14K,https://www.zhipin.com//job_detail/a5322f6dc547240c1n1_2Ny_EVJT.html
1,1,货拉拉科技,互联网,数据分析专员,深圳·福田区·梅林,经验不限大专,互联网D轮及以上10000人以上,6-10K,https://www.zhipin.com//job_detail/faa3d7dd2ebde44a1n1y0ti1FFtS.html
2,2,升学教育,在线教育,数据分析师,深圳·龙岗区·平湖,在校/应届大专,在线教育B轮1000-9999人,8-10K,https://www.zhipin.com//job_detail/16ebfc21b13361ca1nN_3dS9E1NR.html
3,3,一望科技,互联网,数据分析,深圳·南山区·科技园,经验不限学历不限,互联网未融资0-20人,5-7K,https://www.zhipin.com//job_detail/78c481c4fbb48c8d1nN53Nq1GFZV.html
4,4,中软国际,计算机软件,数据分析,深圳·龙岗区·坂田,3-5年本科,计算机软件已上市10000人以上,12-18K,https://www.zhipin.com//job_detail/803d273edba886a233x53Ni8E1I~.html
5,5,腾讯,互联网,数据分析,深圳·南山区·科技园,5-10年本科,互联网不需要融资10000人以上,20-40K·16薪,https://www.zhipin.com//job_detail/b361f61d473610a41n142tq5FVpU.html
6,6,软通动力信息技术集团,计算机软件,数据分析师,深圳·南山区·科技园,3-5年大专,计算机软件已上市10000人以上,12-13K,https://www.zhipin.com//job_detail/ce15c663410336811n1y3ti4GFRQ.html
7,7,嘉德利亨,互联网,数据分析,深圳·罗湖区·笋岗,1-3年学历不限,互联网20-99人,7-12K,https://www.zhipin.com//job_detail/da36346d5780a6e71nNz29m8E1ZV.html
8,8,盛宁树,互联网,数据分析师,深圳·福田区·华强南,经验不限大专,互联网100-499人,6-8K,https://www.zhipin.com//job_detail/0f3ac78820f576161nN_3Ny_EFZQ.html
9,9,神州信息,计算机软件,数据分析师,深圳·福田区·新洲,3-5年大专,计算机软件已上市10000人以上,12-15K,https://www.zhipin.com//job_detail/4df72f79e939e75b1n1y0tW7EFZV.html
10,10,亿达信息,计算机软件,数据分析,深圳·南山区·科技园,1-3年大专,计算机软件不需要融资1000-9999人,9-10K,https://www.zhipin.com//job_detail/004b701ea9451c661nd709S6FltT.html
11,11,农耕记餐饮,生活服务,数据分析主管,深圳·龙华区·民治,5-10年大专,生活服务不需要融资500-999人,11-15K,https://www.zhipin.com//job_detail/d5a205ba20a5bdc21nN_29q5EFNQ.html
12,12,升学教育,在线教育,数据分析,深圳·龙岗区·平湖,1年以内大专,在线教育B轮1000-9999人,8-10K,https://www.zhipin.com//job_detail/3b52cc09c0e420f81nN_3Ni9FlNS.html
13,13,大军,计算机软件,数据分析助理,深圳·宝安区·新安,经验不限大专,计算机软件500-999人,5-7K,https://www.zhipin.com//job_detail/d4b669247e8e7b691nxz2921GFZQ.html
14,14,汇合发展,企业服务,数据分析,深圳·南山区·科技园,1-3年本科,企业服务不需要融资10000人以上,8-13K·13薪,https://www.zhipin.com//job_detail/3ee91b870a1510a70Hx62NS5FlM~.html
15,15,软通动力信息技术集团,计算机软件,数据分析,深圳·南山区·科技园,3-5年本科,计算机软件已上市10000人以上,11-20K,https://www.zhipin.com//job_detail/6f899583eb200e4d1n1y2tu9GFRT.html
16,16,中软国际,计算机软件,数据分析,深圳·龙岗区·坂田,3-5年本科,计算机软件已上市10000人以上,12-24K,https://www.zhipin.com//job_detail/ec7422920a8598ba1nB_3N66E1JR.html
17,17,博彦科技,计算机软件,数据分析师,深圳·南山区·科技园,1-3年大专,计算机软件已上市10000人以上,13-14K,https://www.zhipin.com//job_detail/a3d4b6c6377f43bd1n1909y1FVFS.html
18,18,鹏开科技,计算机软件,数据分析,深圳·福田区·市民中心,3-5年本科,计算机软件500-999人,15-18K,https://www.zhipin.com//job_detail/38f0a7ef407827c11nx-3dy7FFVS.html
19,19,一灯,互联网金融,证券数据分析,深圳·龙华区·龙华,1年以内大专,互联网金融20-99人,5-10K,https://www.zhipin.com//job_detail/5bb7c2b4221e3b471nV_2N-8EltR.html
20,20,亿达信息,计算机软件,数据分析,深圳·南山区·科技园,1-3年本科,计算机软件不需要融资1000-9999人,9-10K,https://www.zhipin.com//job_detail/001fc1566e62a3401n1_3N-7GFRQ.html
21,21,递四方,物流/仓储,运营数据分析,深圳·宝安区·福永,经验不限大专,物流/仓储D轮及以上10000人以上,6-10K·13薪,https://www.zhipin.com//job_detail/a56569286dfec4101nx83dm1EVZQ.html
22,22,翔鼎通,咨询,数据分析助理（双休+包住）,深圳·福田区·梅林,经验不限大专,咨询100-499人,6-10K,https://www.zhipin.com//job_detail/0a82ba1419c1240a1nx-09m4GVdT.html
23,23,橙信融通,计算机软件,数据分析,深圳·福田区·皇岗,1-3年大专,计算机软件天使轮100-499人,14-18K,https://www.zhipin.com//job_detail/da42e93a3e44d1251nx_0920ElpQ.html
24,24,TCL实业,智能硬件,数据分析实习生,深圳,5天/周3个月本科,智能硬件不需要融资10000人以上,140-240元/天,https://www.zhipin.com//job_detail/fecac58cd420f9241n1_0tW4E1BR.html
25,25,格瑞邦,批发/零售,数据分析专员,深圳·龙华区·大浪,1-3年大专,批发/零售20-99人,6-8K,https://www.zhipin.com//job_detail/5035419f4aa886e31nxy09m8GVZV.html
26,26,弘毅佳,贸易/进出口,数据分析助理,深圳·龙华区·龙华,经验不限大专,贸易/进出口20-99人,5-7K,https://www.zhipin.com//job_detail/3d08963ae79ec8881nJ70ti1EldT.html
27,27,美美商业服务(深...,贸易/进出口,数据分析助理,深圳·福田区·梅林,1年以内大专,贸易/进出口100-499人,7-8K,https://www.zhipin.com//job_detail/129f4a0d6aa5cd091nF_29m1FFFQ.html
28,28,彭秦曹科技有限公司,广播/影视,数据分析助理,深圳·宝安区·新安,经验不限大专,广播/影视不需要融资100-499人,7-9K,https://www.zhipin.com//job_detail/7e4d7620d51540fe1nJ93d29GVJR.html
29,29,货拉拉科技,互联网,数据分析师,深圳·福田区·梅林,经验不限硕士,互联网D轮及以上10000人以上,5-10K,https://www.zhipin.com//job_detail/0bca88b693ff2eb31nx-2dy_GVJQ.html
30,30,若果科技,移动互联网,用户数据分析,深圳·龙华区·民治,经验不限大专,移动互联网未融资100-499人,7-10K,https://www.zhipin.com//job_detail/3a6e35a11d3ebaf61nJ_3Nm6E1JR.html
31,31,观远数据,企业服务,数据分析师,深圳·南山区·科技园,4天/周6个月本科,企业服务B轮100-499人,200-220元/天,https://www.zhipin.com//job_detail/f2bc3b3f3d6abc1b1nN_3d29GVdS.html
32,32,升途科技,计算机软件,数据分析助理,深圳·南山区·科技园,经验不限本科,计算机软件20-99人,7-9K·14薪,https://www.zhipin.com//job_detail/7665d95f95f082b01nJ43dS_EldS.html
33,33,恒信永利,互联网金融,数据分析,深圳·南山区·西丽,1-3年大专,互联网金融不需要融资1000-9999人,6-12K,https://www.zhipin.com//job_detail/d918c8cd9fa259121nF92tm1EFY~.html
34,34,货拉拉科技,互联网,数据分析师,深圳·福田区·梅林,经验不限硕士,互联网D轮及以上10000人以上,5-10K,https://www.zhipin.com//job_detail/0bca88b693ff2eb31nx-2dy_GVJQ.html
35,35,深圳市微知彰达经...,数据服务,数据分析,深圳·南山区·华侨城,1-3年硕士,数据服务C轮20-99人,15-30K·16薪,https://www.zhipin.com//job_detail/71c2c66191431bf01nN82921F1JQ.html
36,36,港福珠宝,珠宝/首饰,数据分析师,深圳,1-3年大专,珠宝/首饰不需要融资100-499人,7-10K,https://www.zhipin.com//job_detail/59cc186008fe01b81nJz3dW8FlRV.html
37,37,蓝思,医疗健康,数据分析师助理,深圳,5天/周3个月本科,医疗健康不需要融资20-99人,80-100元/天,https://www.zhipin.com//job_detail/f4105c5b1a8c7a561nV_29m7FVNR.html
38,38,沃尔玛(中国),生活服务,数据分析-实习生,深圳·福田区·竹子林,5天/周3个月本科,生活服务未融资10000人以上,100-120元/天,https://www.zhipin.com//job_detail/3ea4eaa6e3aa206f1nx82Ni8FlZQ.html
39,39,优智开发,移动互联网,数据分析师,深圳·南山区·科技园,5-10年本科,移动互联网500-999人,30-50K,https://www.zhipin.com//job_detail/8416e58a2dda9da51nxy2Ny5EFdR.html
40,40,美狮物流集团,交通/运输,数据分析员,深圳·龙岗区·坂田,1-3年本科,交通/运输A轮100-499人,7-10K,https://www.zhipin.com//job_detail/4da76f5e6fe59c9e1nx80tW_FVZR.html
41,41,华智赢启,企业服务,数据分析,深圳·南山区·海岸城,3-5年本科,企业服务不需要融资20-99人,10-15K,https://www.zhipin.com//job_detail/e5269ddebdf90f361nJ83N6-F1FS.html
42,42,中软国际,计算机软件,数据分析,深圳·福田区·福田保税区,3-5年本科,计算机软件已上市10000人以上,14-20K·13薪,https://www.zhipin.com//job_detail/4f3dbafd1212f0d71nN_3N-1GFBR.html
43,43,深圳一苣,计算机软件,数据分析,深圳·罗湖区·笋岗,3-5年本科,计算机软件20-99人,18-25K,https://www.zhipin.com//job_detail/0668d8c816ba99ae1nxy39u1EVNR.html
44,44,重投华讯,智能硬件,数据分析专员,深圳·宝安区·西乡,1-3年学历不限,智能硬件不需要融资100-499人,8-13K·14薪,https://www.zhipin.com//job_detail/c041c106055b6f861nZ729W4F1ZV.html
45,45,丰图科技,互联网,数据分析-实习生,深圳·南山区·科技园,5天/周3个月硕士,互联网A轮1000-9999人,200-250元/天,https://www.zhipin.com//job_detail/201485dbb3e4b4811nx_3Ni_EVRR.html
46,46,海洲鹰,电子商务,数据分析师,深圳·宝安区·松岗,1-3年大专,电子商务20-99人,7-12K,https://www.zhipin.com//job_detail/a8e54c33bd2c03de1nJ-2N2_GVNV.html
47,47,深圳市左右家私,其他行业,经营数据分析经理,深圳,5-10年本科,其他行业未融资1000-9999人,10-15K,https://www.zhipin.com//job_detail/7e242ad3a01cfd331nN_2t67FFJR.html
48,48,麦风科技,互联网,网站数据分析师,深圳,在校/应届本科,互联网A轮100-499人,7-9K·14薪,https://www.zhipin.com//job_detail/e625f520796b42b71nxy2t-8FVpT.html
49,49,周大生珠宝,其他行业,数据分析师,深圳·罗湖区·水贝,经验不限本科,其他行业已上市1000-9999人,6-10K·14薪,https://www.zhipin.com//job_detail/093b15b31d5f695a1nJ_3d68E1tR.html
50,50,星河谷,电子商务,数据分析师,深圳,1-3年大专,电子商务未融资100-499人,8-13K,https://www.zhipin.com//job_detail/18221f344aa674f21nN529y0FFVT.html
51,51,智汇创想,互联网,数据分析,深圳·龙岗区·坂田,3-5年本科,互联网未融资1000-9999人,10-15K·14薪,https://www.zhipin.com//job_detail/24b78b500c1b8d931nZ_3ti1FVZR.html
52,52,顺势腾辉科技,计算机软件,数据分析,深圳·福田区·皇岗,3-5年本科,计算机软件不需要融资100-499人,12-20K·13薪,https://www.zhipin.com//job_detail/35eeb30c6c5673071nx_09y-FlNR.html
53,53,深圳市尚夏实业有...,互联网,数据分析专员,深圳,1-3年大专,互联网20-99人,9-10K·13薪,https://www.zhipin.com//job_detail/4b0d8b20ab2dc1021nF53t24EFFR.html
54,54,好兄弟,批发/零售,商品数据分析,深圳,1年以内大专,批发/零售20-99人,8-10K,https://www.zhipin.com//job_detail/66d27c4346d6cc7d1nF-2t2-E1JS.html
55,55,今日头条,移动互联网,海外数据分析实习生,深圳·南山区·南油,3天/周3个月本科,移动互联网不需要融资10000人以上,200-250元/天,https://www.zhipin.com//job_detail/9a0627bb2bc7ccd31nJ829S1FFNQ.html
56,56,宝视佳科技,电子商务,数据分析专员,深圳,1年以内本科,电子商务不需要融资1000-9999人,8-12K,https://www.zhipin.com//job_detail/13c8fd66edcef16a1nZ82NS7F1FZ.html
57,57,小皮,其他行业,数据分析,深圳·福田区·车公庙,经验不限学历不限,其他行业D轮及以上500-999人,8-10K,https://www.zhipin.com//job_detail/237af3a2ffa704c03nZ60921FFc~.html
58,58,深圳名扬会计师事务所,其他行业,数据分析与处理,深圳·罗湖区·国贸,1-3年大专,其他行业0-20人,6-7K,https://www.zhipin.com//job_detail/cd9358c52d0da7993nxy3tu4FFI~.html
59,59,深圳新致,计算机软件,数据分析师,深圳·福田区·市民中心,3-5年本科,计算机软件1000-9999人,15-23K·13薪,https://www.zhipin.com//job_detail/b1ee90a9bb1f1fef1nB50921EldR.html
60,60,历桥科技,计算机软件,数据分析助理,深圳·福田区·华强南,经验不限本科,计算机软件20-99人,6-9K·14薪,https://www.zhipin.com//job_detail/575ba6d39d6685391nN70925F1FT.html
61,61,十百千,电子商务,数据分析师,深圳,1年以内大专,电子商务0-20人,5-6K,https://www.zhipin.com//job_detail/b444fc5919b2991a1nB_0t-9F1RR.html
62,62,梵格思,贸易/进出口,数据分析助理,深圳·南山区·南头,1-3年大专,贸易/进出口20-99人,7-11K,https://www.zhipin.com//job_detail/d45509a3a8253fe333142t-1GVA~.html
63,63,和鲜食品科技,其他行业,数据分析主管,深圳·南山区·西丽,3-5年大专,其他行业不需要融资100-499人,9-12K,https://www.zhipin.com//job_detail/7c616c4954c9ed491n1y09S0F1NY.html
64,64,美亚柏科,信息安全,数据分析师,深圳·福田区·上步,经验不限本科,信息安全已上市1000-9999人,9-14K,https://www.zhipin.com//job_detail/c1b9a909d125db0f1nd629W-GVdV.html
65,65,腾讯,互联网,数据分析实习生,深圳·南山区·科技园,5天/周5个月硕士,互联网不需要融资10000人以上,100-120元/天,https://www.zhipin.com//job_detail/f7b5268ff85cdda73nJ_29y6GVQ~.html
66,66,山猫,贸易/进出口,数据分析师,深圳·龙岗区·龙岗中心城,经验不限大专,贸易/进出口0-20人,13-23K,https://www.zhipin.com//job_detail/ca4369ca8ef062701nx83di7EVtR.html
67,67,玖诚建筑工程,工程施工,数据分析师,深圳·光明区·光明,经验不限本科,工程施工0-20人,6-10K,https://www.zhipin.com//job_detail/0581f529e7bdeacd1nZ-29i0FFNQ.html
68,68,物恩,贸易/进出口,数据分析师,深圳·龙岗区·龙岗宝荷,经验不限本科,贸易/进出口未融资0-20人,6-8K,https://www.zhipin.com//job_detail/4f28635cf964fcac1nZ73ty4EldR.html
69,69,方瑞厨具,家具/家电/家居,数据分析专员,深圳·罗湖区·黄贝,1-3年本科,家具/家电/家居不需要融资500-999人,8-10K,https://www.zhipin.com//job_detail/1d0718142c4889af1nx82NS8EVtT.html
70,70,LocalGravity,咨询,数据分析师,深圳·福田区·沙头,1年以内大专,咨询A轮100-499人,4-6K,https://www.zhipin.com//job_detail/48b5a4d82641db371HF_0tq6GVA~.html
71,71,天阳科技,计算机软件,数据分析师,深圳·福田区·市民中心,3-5年本科,计算机软件已上市1000-9999人,11-17K,https://www.zhipin.com//job_detail/cfc4a4f54637a4b21nZ72924GVpV.html
72,72,巨拓科技,移动互联网,数据分析师（电商行业）,深圳,1-3年大专,移动互联网A轮100-499人,8-10K,https://www.zhipin.com//job_detail/8d641118c84c93931nx53d-4EFVT.html
73,73,东聚文化传媒,培训机构,数据分析师,深圳·龙华区·龙华,1-3年大专,培训机构未融资20-99人,10-11K,https://www.zhipin.com//job_detail/5ea8a0f6c1f4a70c1nJ509i7EFJR.html
74,74,深圳圣亚商务信息...,互联网金融,数据分析师,深圳·宝安区·福永,1年以内学历不限,互联网金融0-20人,6-10K,https://www.zhipin.com//job_detail/e9bb2e37030c58961nV93t2_EltZ.html
75,75,科极星球,计算机硬件,数据分析师,深圳·南山区·科技园,经验不限本科,计算机硬件未融资20-99人,8-13K,https://www.zhipin.com//job_detail/95e8708969da72ee1nN73969F1ZQ.html
76,76,深慧谷电子商务,贸易/进出口,跨境电商数据分析,深圳·龙岗区·坂田,1-3年大专,贸易/进出口不需要融资20-99人,7-12K,https://www.zhipin.com//job_detail/54449ffa300f47ed1nx-39-8FVtQ.html
77,77,神策数据,数据服务,数据分析师,深圳·南山区·科技园,1-3年大专,数据服务C轮1000-9999人,11-22K·14薪,https://www.zhipin.com//job_detail/fd05a40a2119b4c91nV609u_EFFT.html
78,78,维士智慧健康管理,互联网,资深数据经营分析,深圳·南山区·大冲,5-10年大专,互联网不需要融资100-499人,12-18K,https://www.zhipin.com//job_detail/0a32376b564bedfe1nx80tS-GVBV.html
79,79,亚声威格,互联网,亚马逊选品分析（数据分析）,深圳·龙岗区·坂田,1年以内大专,互联网未融资500-999人,6-8K,https://www.zhipin.com//job_detail/1df5925633989c341nB-29--FlZZ.html
80,80,货拉拉科技,互联网,数据分析经理,深圳·龙岗区·坂田,5-10年大专,互联网D轮及以上10000人以上,25-50K,https://www.zhipin.com//job_detail/43b186401872b0221n1_3d--EVtR.html
81,81,深圳荻安科技有限公司,数据服务,数据分析师,深圳·南山区·蛇口,1-3年大专,数据服务0-20人,10-15K,https://www.zhipin.com//job_detail/ab6934cf6b69c2481nx_3dq4EFBR.html
82,82,华为,计算机软件,数据分析助理,深圳·龙岗区·坂田,1-3年本科,计算机软件不需要融资10000人以上,10-14K·13薪,https://www.zhipin.com//job_detail/73d738c085df7caa0Xx_29W5GFA~.html
83,83,明辰教育,培训机构,数据分析专员/提供住宿,深圳,1年以内大专,培训机构未融资100-499人,6-8K,https://www.zhipin.com//job_detail/6e82ea64b9c274441nJ-2d26GVVU.html
84,84,彭秦曹科技有限公司,广播/影视,大数据分析助理,深圳·宝安区·新安,经验不限大专,广播/影视不需要融资100-499人,7-9K,https://www.zhipin.com//job_detail/a5ca4577e5d46b101nJy0ti1EVBQ.html
85,85,索信达,数据服务,数据分析师,深圳·南山区·科技园,3-5年本科,数据服务已上市500-999人,17-25K·13薪,https://www.zhipin.com//job_detail/633a315c8046527a1n153tu-GFZQ.html
86,86,菲科公司,互联网,市场数据分析师,深圳·宝安区·福永,1-3年大专,互联网未融资100-499人,8-12K,https://www.zhipin.com//job_detail/3e9b95f4a8c4734e3nF53ty8FFI~.html
87,87,微众银行,互联网金融,数据分析师,深圳,1-3年本科,互联网金融不需要融资1000-9999人,8-13K·13薪,https://www.zhipin.com//job_detail/b00c19b888881fbe1nN_39W9ElJR.html
88,88,易城云海,移动互联网,数据分析师,深圳·南山区·南山中心,3-5年大专,移动互联网不需要融资100-499人,12-20K,https://www.zhipin.com//job_detail/58cfaf328678af801nN829y0GVpS.html
89,89,哈稀网络,计算机软件,数据分析,深圳·宝安区·宝安中心区,3-5年本科,计算机软件B轮100-499人,15-30K,https://www.zhipin.com//job_detail/272535a9eb310e431nxy0965FlpT.html
90,90,网联安瑞,计算机软件,数据分析师,深圳·福田区·岗厦,1-3年本科,计算机软件100-499人,10-15K·15薪,https://www.zhipin.com//job_detail/42b521e0e130163d33B62926Elc~.html
91,91,波特空间设计,装修装饰,初级数据分析师,深圳,1-3年大专,装修装饰0-20人,6-8K,https://www.zhipin.com//job_detail/fae1ecf49adcad881nF-39y5F1RS.html
92,92,立创商城 ,电子商务,数据分析师,深圳·福田区·梅林,5-10年本科,电子商务A轮500-999人,15-30K,https://www.zhipin.com//job_detail/6f4d4c879670c0991nx-39u4FFZR.html
93,93,玉禾田,企业服务,数据分析经理,深圳·福田区·车公庙,3-5年本科,企业服务已上市10000人以上,10-15K,https://www.zhipin.com//job_detail/fd667bcd459cfbad3nd72967FFA~.html
94,94,万师傅,互联网,数据分析,深圳·宝安区·西乡,1-3年本科,互联网A轮500-999人,15-25K·13薪,https://www.zhipin.com//job_detail/fc7e540fc42e9c941nx73NW0EFNR.html
95,95,D家,服装/纺织/皮革,数据分析专员,深圳·南山区·西丽,1-3年本科,服装/纺织/皮革未融资100-499人,8-10K,https://www.zhipin.com//job_detail/7e47cefe3a3fa7401nx439i9F1VR.html
96,96,裕威龙科技,数据服务,数据分析师,深圳·罗湖区·园岭,1-3年大专,数据服务500-999人,6-8K,https://www.zhipin.com//job_detail/e8a442111aba87731nV509q7FFRR.html
97,97,翰竺科技,计算机软件,数据分析师,深圳·福田区·华强南,经验不限本科,计算机软件不需要融资100-499人,16-20K,https://www.zhipin.com//job_detail/cec7f3b17d25ce8a1nV809i0ElRS.html
98,98,中科创达软件,计算机软件,大数据分析师,深圳·福田区·车公庙,3-5年大专,计算机软件已上市1000-9999人,15-30K,https://www.zhipin.com//job_detail/2716ef7d755ea3731n1y2Ni1EFBR.html
99,99,索迪,其他专业服务,数据分析师,深圳·龙华区·龙华,1-3年本科,其他专业服务不需要融资20-99人,6-9K,https://www.zhipin.com//job_detail/f7fc4bcf6758d83f1nN82d68FVBS.html
100,100,万人机构,咨询,数据分析/研究员,深圳·龙华区·清湖,经验不限本科,咨询已上市20-99人,5-8K,https://www.zhipin.com//job_detail/0c5b61be0c9ba0711nZ-2N2-FlBW.html
101,101,中电金信,计算机软件,数据分析挖掘,深圳·福田区·新洲,3-5年本科,计算机软件不需要融资10000人以上,13-20K,https://www.zhipin.com//job_detail/899ba0fb149d41d51nZy09S7FFpT.html
102,102,诚则成顾问,咨询,数据分析员,深圳·龙岗区·万科广场,1年以内本科,咨询未融资20-99人,7-12K,https://www.zhipin.com//job_detail/070fc00faafe5c0d1n1y2Ni_GVI~.html
103,103,百果园,批发/零售,数据分析师,深圳·南山区·科技园,3-5年本科,批发/零售C轮10000人以上,11-20K·13薪,https://www.zhipin.com//job_detail/99e13c3decb466c51n142Ni4GFdS.html
104,104,润联科技,计算机软件,数据分析师,深圳·福田区·梅林,5-10年本科,计算机软件不需要融资1000-9999人,15-30K·18薪,https://www.zhipin.com//job_detail/6570bd8c5d0f98b21nx73tW9E1dQ.html
105,105,会牛科技,财务/审计/税务,数据分析/数据专员,深圳·龙华区·民治,经验不限本科,财务/审计/税务未融资100-499人,5-8K,https://www.zhipin.com//job_detail/edd19fcd055cd01d1nJ-2Nu8FFdU.html
106,106,哈步数据,计算机软件,数据分析师,深圳·福田区·香蜜湖,1-3年本科,计算机软件A轮20-99人,10-15K,https://www.zhipin.com//job_detail/36bb8d71f2f5accf3nV52Ny8ElI~.html
107,107,众新产业,计算机服务,数据分析师,深圳·龙岗区·龙岗中心城,3-5年本科,计算机服务不需要融资20-99人,6-10K·13薪,https://www.zhipin.com//job_detail/f6dffb5ac5da2c821nN-3dS0FlRS.html
108,108,小鹏汽车,汽车生产,商业数据分析经理,深圳·福田区·车公庙,5-10年本科,汽车生产已上市10000人以上,20-35K·15薪,https://www.zhipin.com//job_detail/32c973f88f0eca261n192N-9EFFR.html
109,109,源鑫药业,医疗健康,数据分析专员,深圳·龙华区·观澜,1-3年大专,医疗健康不需要融资100-499人,5-6K,https://www.zhipin.com//job_detail/36f18f5639d6bef41Xx82tW6FlE~.html
110,110,华宇讯科技,互联网,数据分析专员,深圳·南山区·科技园,3-5年大专,互联网B轮500-999人,12-24K·13薪,https://www.zhipin.com//job_detail/068eb1d819ff1e651nJ50ti_GFpT.html
111,111,前海数据,企业服务,数据分析助理,深圳·南山区·科技园,经验不限本科,企业服务未融资100-499人,8-13K·13薪,https://www.zhipin.com//job_detail/e23899681d0e59a73nR90t21ElM~.html
112,112,顺丰同城,交通/运输,数据分析师,深圳,3-5年本科,交通/运输未融资10000人以上,15-30K·13薪,https://www.zhipin.com//job_detail/4707778fa0737cb31nB92Nm5ElNQ.html
113,113,极光,数据服务,数据分析实习生,深圳·南山区·南头,经验不限学历不限,数据服务已上市500-999人,3-4K,https://www.zhipin.com//job_detail/2d36742010fb36df1nV83Nm4ElVU.html
114,114,安芯易电子,电子/半导体/集成电路,数据分析师,深圳·福田区·华强北,1-3年本科,电子/半导体/集成电路不需要融资100-499人,9-13K·13薪,https://www.zhipin.com//job_detail/c4bb9843d7ad68fe1nJ82t20GFpQ.html
115,115,希施玛数据,计算机软件,数据分析师,深圳·南山区·大学城,经验不限本科,计算机软件不需要融资100-499人,10-15K,https://www.zhipin.com//job_detail/92656c21024339de33B53t60EFY~.html
116,116,私募排排网,互联网金融,数据分析师,深圳·福田区·新洲,1-3年本科,互联网金融不需要融资100-499人,10-15K,https://www.zhipin.com//job_detail/2e0279a9f1e488f61nN62Nq8FFZX.html
117,117,深圳市地质环境研究院,互联网,监测设备数据分析员,深圳·南山区·科技园,1-3年大专,互联网不需要融资100-499人,5-6K,https://www.zhipin.com//job_detail/7e8136fc2436a4ed1nV_3Nq_FFRV.html
118,118,奇迅新游,游戏,数据分析师,深圳,1-3年本科,游戏不需要融资100-499人,10-15K·13薪,https://www.zhipin.com//job_detail/4bf4317af960d4a41nV80ty1FFpR.html
119,119,腾讯,互联网,数据分析,深圳·南山区·科技园,3-5年本科,互联网不需要融资10000人以上,25-50K·17薪,https://www.zhipin.com//job_detail/711e61718a6579e51nJ90tq8F1dQ.html
120,120,深圳雷鸟科技,互联网,数据分析师,深圳·南山区·西丽,5-10年本科,互联网B轮100-499人,25-50K,https://www.zhipin.com//job_detail/8272810fa7a6ee150nRy09y_EFY~.html
121,121,天阳科技,计算机软件,数据分析/运营-深圳01,深圳·福田区·福田保税区,3-5年大专,计算机软件已上市1000-9999人,12-20K,https://www.zhipin.com//job_detail/cc7dc1d0b15e5bb71nx83Nu1GVdV.html
122,122,巴莫尔,电子商务,数据分析师,深圳·坪山区·坪山,3-5年本科,电子商务未融资100-499人,10-15K,https://www.zhipin.com//job_detail/21370887b17ac2dd1nZ-2t25F1JU.html
123,123,深圳市新产业生物...,医疗设备/器械,数据分析工程师,深圳·坪山区·坑梓,经验不限本科,医疗设备/器械不需要融资1000-9999人,10-15K·15薪,https://www.zhipin.com//job_detail/a131d13939d57f831nJ72t-9EltW.html
124,124,泰达惠集团,其他服务业,医疗器械临床数据分析专员,深圳·宝安区·新安,经验不限大专,其他服务业未融资20-99人,8-13K,https://www.zhipin.com//job_detail/3731acaf028969233nV93961GVE~.html
125,125,腾讯音乐,互联网,数据分析师,深圳·南山区·南头,1-3年硕士,互联网已上市1000-9999人,24-29K·16薪,https://www.zhipin.com//job_detail/85871258a74ad7031nJ83N-0FFRQ.html
126,126,南科大数据,数据服务,数据分析实习生,深圳·福田区·沙头,1天/周2个月本科,数据服务A轮20-99人,200-300元/天,https://www.zhipin.com//job_detail/f642eaf91478956403Ny2tW5GVc~.html
127,127,深圳市尚夏实业有...,互联网,初级数据分析师,深圳,1年以内大专,互联网20-99人,7-10K,https://www.zhipin.com//job_detail/469600f98e6f7c6e1nB_0968EFpT.html
128,128,妍丽,批发/零售,数据分析师,深圳·福田区·会展中心,3-5年本科,批发/零售B轮1000-9999人,15-23K·14薪,https://www.zhipin.com//job_detail/fbb5a5545347d6641nBz0tu0FFFS.html
129,129,普强信息,计算机软件,数据分析师,深圳·龙华区·民治,1-3年本科,计算机软件D轮及以上100-499人,11-22K·13薪,https://www.zhipin.com//job_detail/d6c2409ee926ec791n1z2ty7FVtW.html
130,130,北京字节跳动,移动互联网,数据分析师,深圳·南山区·南油,经验不限本科,移动互联网D轮及以上10000人以上,15-30K·18薪,https://www.zhipin.com//job_detail/ca1c0ab6424bae4d1nN629W6GFtT.html
131,131,思维莱科技,电子/半导体/集成电路,数据分析师（跨境电商行业）,深圳·龙岗区·华南城,1-3年大专,电子/半导体/集成电路未融资20-99人,7-12K,https://www.zhipin.com//job_detail/4ceca6377666dc351nV60ti6GFBV.html
132,132,力辉电机,机械设备/机电/重工,数据分析师,深圳·南山区·科技园,3-5年本科,机械设备/机电/重工D轮及以上1000-9999人,10-15K·13薪,https://www.zhipin.com//job_detail/79a97f3603d208071nJ82tm6F1NQ.html
133,133,亿达信息,计算机软件,数据分析工程师,深圳·南山区·科技园,1-3年大专,计算机软件不需要融资1000-9999人,11-16K,https://www.zhipin.com//job_detail/8be20b0a9a9b88611nxy39S-EFFQ.html
134,134,国康私人医生,医疗健康,数据分析师,深圳·南山区·科技园,1-3年本科,医疗健康C轮100-499人,10-15K,https://www.zhipin.com//job_detail/66ec3f4a4f2f56091nF82tS6GVJR.html
135,135,平安银行,互联网金融,数据分析师,深圳·罗湖区·万象城,3-5年本科,互联网金融已上市10000人以上,20-40K·15薪,https://www.zhipin.com//job_detail/9f3cfe249c17b5531nJ429y6EVJR.html
136,136,艾科泰环境科技,企业服务,数据分析师,深圳·宝安区·新安,经验不限本科,企业服务未融资20-99人,8-12K·14薪,https://www.zhipin.com//job_detail/0ffc592c3ac229fe03F83tu1FFY~.html
137,137,今日头条,移动互联网,数据分析师,深圳·南山区·科技园,1-3年本科,移动互联网不需要融资10000人以上,13-20K·15薪,https://www.zhipin.com//job_detail/936cf7b37ef1aff31n1-09S5F1RX.html
138,138,起点教育,培训机构,数据专员/数据分析师  (大小周休息）,深圳·龙岗区·坂田,1年以内大专,培训机构未融资100-499人,8-10K,https://www.zhipin.com//job_detail/8bafc061405c74cc1nFz39m9GFJQ.html
139,139,深圳市诚达通国际...,物流/仓储,初级数据分析师,深圳·宝安区·西乡,1-3年大专,物流/仓储未融资20-99人,8-10K,https://www.zhipin.com//job_detail/ec34e89956b376851nF62tq4FFBY.html
140,140,微众银行,互联网金融,数据分析岗,深圳·南山区·科技园,1-3年本科,互联网金融不需要融资1000-9999人,20-35K·16薪,https://www.zhipin.com//job_detail/e5d42ec67c6826181nJ73t6-E1RS.html
141,141,社区云科技,生活服务,能源数据分析师,深圳·龙华区·民治,1-3年本科,生活服务1000-9999人,6-11K,https://www.zhipin.com//job_detail/8b2a4452379db5f31nx-39y-EVRU.html
142,142,ux168,电子商务,财务数据分析师,深圳·宝安区·松岗,1-3年大专,电子商务未融资500-999人,7-8K·13薪,https://www.zhipin.com//job_detail/9a75607a9b26e4e21nx43dS_GVBQ.html
143,143,富途,互联网,数据分析师,深圳·南山区·科技园,经验不限本科,互联网已上市1000-9999人,15-30K,https://www.zhipin.com//job_detail/071fa942fd92366d1nZ73964EFdR.html
144,144,数果智能,互联网,数据分析师（办公深圳南山区）,深圳·南山区·蛇口,5-10年本科,互联网B轮100-499人,20-21K,https://www.zhipin.com//job_detail/3dacbf738804bc891nx93dq-E1FR.html
145,145,傲基科技,电子商务,数据分析经理,深圳·龙岗区·平湖,5-10年本科,电子商务未融资1000-9999人,20-40K,https://www.zhipin.com//job_detail/60ef2605c804249933Nz3dy4FFc~.html
146,146,O2OMind,互联网,数据分析师,深圳·南山区·科技园,1-3年本科,互联网未融资20-99人,10-15K·13薪,https://www.zhipin.com//job_detail/515726883a4a0a351nx73Nq0EVBS.html
147,147,深圳云天励飞,移动互联网,数据分析师,深圳·南山区·科技园,1-3年硕士,移动互联网已上市500-999人,20-30K,https://www.zhipin.com//job_detail/1213e68421d66ed51HZ-2dW4EFE~.html
148,148,比亚迪,新能源,高级数据分析师（物流）,深圳·坪山区·淡水,1-3年本科,新能源已上市10000人以上,10-15K,https://www.zhipin.com//job_detail/04585918c7ac6fbb1nx_29m0ElFT.html
149,149,法本信息,互联网,大数据开发工程师（双休 六险一金）,深圳·福田区·市民中心,5-10年大专,互联网已上市1000-9999人,16-20K,https://www.zhipin.com//job_detail/cf4bf3bb1500f9ec1nN70tS0FlJU.html
150,150,GrowingIO,互联网,商业数据分析师-华南,深圳·南山区·科技园,经验不限学历不限,互联网B轮100-499人,18-35K·15薪,https://www.zhipin.com//job_detail/4f2e214397a8f4c81nxz29y0F1pR.html
151,151,晤桥亚洲,计算机软件,数据分析实施工程师,深圳·南山区·后海,经验不限本科,计算机软件未融资100-499人,6-11K,https://www.zhipin.com//job_detail/541c49bca596c3291nJy3tS5E1FR.html
152,152,金进科技,原材料及加工/模具,数据分析工程师,深圳·龙岗区·平湖,经验不限本科,原材料及加工/模具不需要融资1000-9999人,13-22K·13薪,https://www.zhipin.com//job_detail/e02c33cfba87799a1nx80964GVVT.html
153,153,跨越速运集团有限公司,物流/仓储,取派时效监控高级专员（物流数据分析岗）,深圳·宝安区·西乡,1-3年大专,物流/仓储10000人以上,12-20K,https://www.zhipin.com//job_detail/2aae58075a120a501nx509i9EVBT.html
154,154,炙兔,电子商务,数据分析师（跨境电商）,深圳·龙华区·龙华,经验不限本科,电子商务天使轮0-20人,5-6K·13薪,https://www.zhipin.com//job_detail/e606912b3aa1ed1a1nF-2du0FlVW.html
155,155,中建普联,互联网,数据处理实习生,深圳·福田区·市民中心,5天/周3个月大专,互联网不需要融资100-499人,130-140元/天,https://www.zhipin.com//job_detail/c26b21d753d366c81nx439q7FFdU.html
156,156,顺丰速运,物流/仓储,财务高级数据分析师,深圳·南山区·科技园,5-10年本科,物流/仓储已上市10000人以上,22-35K·15薪,https://www.zhipin.com//job_detail/22c8479638bf534a1n1909y1EVtS.html
157,157,怡润,数据服务,数据分析助理,深圳·南山区·南油,1-3年大专,数据服务未融资20-99人,6-8K·13薪,https://www.zhipin.com//job_detail/9c7775c09dcc18f31nZ90ty9FlNQ.html
158,158,优维尔,电子商务,数据分析师,深圳·宝安区·西乡,5-10年本科,电子商务不需要融资1000-9999人,13-20K,https://www.zhipin.com//job_detail/4ac9dd3b9260dd101nZ-2dW_EFpU.html
159,159,wlaike,互联网,高级数据分析师,深圳·南山区·科技园,5-10年本科,互联网C轮100-499人,30-60K·15薪,https://www.zhipin.com//job_detail/8d7b110b4f948aba0X192d29GFM~.html
160,160,申请方,互联网,数据分析师,深圳·南山区·西丽,1-3年本科,互联网B轮100-499人,12-20K,https://www.zhipin.com//job_detail/addcc6b20743e3dc1nx92Nm1F1BS.html
161,161,四方信达,电子/半导体/集成电路,数据分析专员,深圳,1-3年大专,电子/半导体/集成电路20-99人,3-6K,https://www.zhipin.com//job_detail/2c3348f01700d5ea03R939u4ElI~.html
162,162,吉比特,游戏,数据分析师,深圳·南山区·西丽,3-5年本科,游戏已上市500-999人,15-30K·16薪,https://www.zhipin.com//job_detail/9e04abea26ea48a21nF609u5F1dT.html
163,163,凯江源商贸有限公司,食品/饮料/烟酒,数据分析师,深圳·福田区·景田,3-5年本科,食品/饮料/烟酒不需要融资100-499人,10-15K·13薪,https://www.zhipin.com//job_detail/05e860e05a0bedf21nx53Nu4GVVS.html
164,164,华强电子网集团,电子/半导体/集成电路,数据分析师,深圳·福田区·车公庙,3-5年本科,电子/半导体/集成电路不需要融资500-999人,12-20K·14薪,https://www.zhipin.com//job_detail/836684f9385e3bf21nxy0tq8FFZS.html
165,165,OPPO,互联网,OPPO数据分析师,深圳·南山区·前海,3-5年本科,互联网不需要融资10000人以上,40-60K·16薪,https://www.zhipin.com//job_detail/69bff21ff3f9c8e51nJ93N-4GVpS.html
166,166,巨拓科技,移动互联网,数据分析助理,深圳·龙岗区·坂田,3-5年本科,移动互联网A轮100-499人,6-8K,https://www.zhipin.com//job_detail/9471d1f122e540461nN43tS5GFtS.html
167,167,华海时代,企业服务,数据分析师,深圳·龙华区·坂田,3-5年本科,企业服务未融资20-99人,15-25K·13薪,https://www.zhipin.com//job_detail/dfd3f0f98314bd781nNz3Nm_FFBR.html
168,168,悦策科技,数据服务,Power BI数据分析师（初级）,深圳·南山区·科技园,经验不限大专,数据服务未融资20-99人,5-9K,https://www.zhipin.com//job_detail/98dfa1cfea9a06721nN72ty_FFpT.html
169,169,创赢,电子商务,CPC广告数据分析,深圳·龙岗区·平湖,3-5年大专,电子商务不需要融资20-99人,11-22K,https://www.zhipin.com//job_detail/b1268e4e261f90f91nV73NW5GFFQ.html
170,170,信润富联数字科技,计算机服务,数据标注分析师,深圳·南山区·科技园,1-3年大专,计算机服务未融资100-499人,9-14K·13薪,https://www.zhipin.com//job_detail/2e968c11198cdf401nx93dS8GFFR.html
171,171,客路旅行,旅游,高级数据分析师,深圳·福田区·车公庙,1-3年学历不限,旅游D轮及以上1000-9999人,11-20K·13薪,https://www.zhipin.com//job_detail/b1086e9e47eb698e1nN53ty7ElBR.html
172,172,深圳柏逸软件科技...,互联网金融,数据分析师,深圳·龙华区·民治,3-5年大专,互联网金融0-20人,5-10K,https://www.zhipin.com//job_detail/828af5236fe5339c1nJ839W6ElZR.html
173,173,智汇创想,互联网,数据分析师,深圳·龙岗区·坂田,1-3年本科,互联网未融资1000-9999人,10-15K,https://www.zhipin.com//job_detail/a6a831edb079e2b333Zz29u6E1A~.html
174,174,酷开,互联网,高级数据分析师,深圳·宝安区·石岩,5-10年本科,互联网不需要融资500-999人,18-25K·14薪,https://www.zhipin.com//job_detail/d096658b7294858b1nd62N-1EFRR.html
175,175,深圳山防,电子商务,数据分析师,深圳·宝安区·西乡,1年以内大专,电子商务0-20人,5-10K,https://www.zhipin.com//job_detail/bcd122e44c3c3e8d1nR829i-GVdY.html
176,176,栖才科技,企业服务,数据分析师,深圳·福田区·福田保税区,1-3年本科,企业服务天使轮20-99人,12-16K·13薪,https://www.zhipin.com//job_detail/784afc05699a48511nBz2N-_FlBR.html
177,177,深圳德邦物流,物流/仓储,数据分析经理,深圳·龙华区·坂田,1年以内本科,物流/仓储已上市10000人以上,6-8K,https://www.zhipin.com//job_detail/65d81f9d4aa17f281nR_29u0FlZR.html
178,178,真迈生物,医疗设备/器械,数据分析工程师,深圳·罗湖区·布心,1-3年本科,医疗设备/器械B轮100-499人,10-15K·16薪,https://www.zhipin.com//job_detail/d6d1501c217df9301nNz2ti1E1ZQ.html
179,179,乐刷,移动互联网,数据分析师,深圳·南山区·科技园,3-5年本科,移动互联网已上市500-999人,20-30K·14薪,https://www.zhipin.com//job_detail/8a8c9f8819fa0fc01nx_3tu_F1RR.html
180,180,蓝鲸,互联网,数据分析工程师,深圳·罗湖区·笋岗,1-3年本科,互联网不需要融资20-99人,10-15K,https://www.zhipin.com//job_detail/7470ed0ad65712923nN42ty1FFc~.html
181,181,明成售电,电力/热力/燃气/水利,电力交易数据分析专员,深圳·南山区·科技园,1-3年本科,电力/热力/燃气/水利不需要融资20-99人,7-12K,https://www.zhipin.com//job_detail/d285dae6752981ae1nZ-3tq5F1ZR.html
182,182,麦点传媒科技,广告营销,数据分析师,深圳·南山区·科技园,1年以内本科,广告营销A轮100-499人,11-20K·13薪,https://www.zhipin.com//job_detail/ec56dac1607498480HNz3t-_E1I~.html
183,183,富士康准时达供应链,物流/仓储,销售数据分析,深圳·龙华区·龙华,3-5年本科,物流/仓储A轮1000-9999人,10-13K·13薪,https://www.zhipin.com//job_detail/a317442d134821421nJ809i5FlFR.html
184,184,Wonderlab,新零售,数据分析师,深圳·南山区·科技园,1-3年本科,新零售B轮100-499人,12-22K,https://www.zhipin.com//job_detail/82de86cb02af9eaa1nF92tu7EFZT.html
185,185,周大福,生活服务,(深圳）商品管理部 数据分析专员,深圳·盐田区·沙头角,经验不限本科,生活服务已上市10000人以上,6-8K·13薪,https://www.zhipin.com//job_detail/f256c8912cedc14d1nx-3Ny4FVJU.html
186,186,重投华讯,智能硬件,数据分析师,深圳·宝安区·西乡,1-3年大专,智能硬件不需要融资100-499人,11-18K·14薪,https://www.zhipin.com//job_detail/16adebca52985d251nZ-3NW6E1dT.html
187,187,源兴发,电子商务,数据分析师（BI),深圳·龙岗区·坂田,1-3年本科,电子商务未融资100-499人,8-13K,https://www.zhipin.com//job_detail/2ebbb83d278e3b1f1n1-29q8EFdR.html
188,188,深圳诺诚信息,计算机服务,数据分析工程师,深圳·宝安区·福永,经验不限大专,计算机服务未融资0-20人,5-8K,https://www.zhipin.com//job_detail/79fd30d06f1b7baf1nB93Ny1E1RT.html
189,189,稳健医疗,医疗健康,大数据开发实习生,深圳·龙华区·民治,3天/周6个月本科,医疗健康已上市10000人以上,200-250元/天,https://www.zhipin.com//job_detail/b695578352d81d941nJz0tm1FlNQ.html
190,190,D家,服装/纺织/皮革,数据分析专员,深圳·南山区·西丽,1-3年本科,服装/纺织/皮革未融资100-499人,8-10K,https://www.zhipin.com//job_detail/2604c8c60dfa416d1nx70tW_FFpW.html
191,191,货拉拉科技,互联网,数据分析师,深圳·福田区·梅林,经验不限本科,互联网D轮及以上10000人以上,15-30K·14薪,https://www.zhipin.com//job_detail/8a73de35c552c1811n1809W8FFpS.html
192,192,深圳一苣,计算机软件,python数据分析,深圳·福田区·新洲,3-5年大专,计算机软件20-99人,12-24K,https://www.zhipin.com//job_detail/df3dc5535a0412101nR70t-1EFpQ.html
193,193,梵格思,贸易/进出口,数据统计分析员,深圳,3-5年大专,贸易/进出口20-99人,5-6K,https://www.zhipin.com//job_detail/318229b73d0407b533142tS9FVI~.html
194,194,哈稀网络,计算机软件,python数据分析师,深圳·宝安区·宝安中心区,经验不限本科,计算机软件B轮100-499人,10-15K,https://www.zhipin.com//job_detail/4f68a4eaa004aee91nN529q7FVFR.html
195,195,富途,互联网,数据分析师,深圳·南山区·科技园,经验不限本科,互联网已上市1000-9999人,15-30K·14薪,https://www.zhipin.com//job_detail/7bbb2c93ab8372c91nZ739-1F1JQ.html
196,196,亚声威格,互联网,亚马逊产品开发/数据分析/可21、22届,深圳·龙岗区·坂田,经验不限大专,互联网未融资500-999人,7-12K·13薪,https://www.zhipin.com//job_detail/e87e394947c190001nN-3Nu1GVBS.html
197,197,博彦科技,计算机软件,数据分析（外派腾讯）,深圳·南山区·科技园,1-3年本科,计算机软件已上市10000人以上,9-13K·13薪,https://www.zhipin.com//job_detail/b680dd4971c454731nF43Ny8GFBV.html
198,198,神策数据,数据服务,数据分析师（证券基金）,深圳·南山区·科技园,经验不限学历不限,数据服务C轮1000-9999人,15-25K,https://www.zhipin.com//job_detail/de975b52b62f36de1nV_3di7E1BS.html
199,199,深圳雷鸟科技,互联网,数据分析师,深圳·南山区·西丽,5-10年本科,互联网B轮100-499人,20-40K·15薪,https://www.zhipin.com//job_detail/db1e41149b21bf620HR73dm7GVc~.html
200,200,华为,计算机软件,数据分析工程师,深圳·龙岗区·坂田,经验不限本科,计算机软件不需要融资10000人以上,15-30K,https://www.zhipin.com//job_detail/75cdb113c4ba88471nZ53dS7FVBQ.html
201,201,美美商业服务(深...,贸易/进出口,数据分析师（高级）,深圳·福田区·梅林,5-10年本科,贸易/进出口100-499人,18-25K,https://www.zhipin.com//job_detail/a6843de06f0ec9861nF_29q1FVpQ.html
202,202,OPPO,互联网,高级数据分析工程师,深圳·南山区·前海,5-10年本科,互联网不需要融资10000人以上,30-60K,https://www.zhipin.com//job_detail/e25c10f8b9c16faf1nF53Nm_GFNR.html
203,203,周大福,生活服务,数据分析经理,深圳,3-5年本科,生活服务已上市10000人以上,18-25K,https://www.zhipin.com//job_detail/b14f0c2b68bbc7271nx-3dq9FlJS.html
204,204,升学教育,在线教育,数据分析专员（五险一金+晋升机会）,深圳·龙岗区·平湖,经验不限本科,在线教育B轮1000-9999人,7-10K,https://www.zhipin.com//job_detail/afbcb0280f6e784e1nN-2NW8EFpS.html
205,205,货拉拉科技,互联网,数据分析实习生（HR方向）,深圳·福田区·梅林,4天/周3个月本科,互联网D轮及以上10000人以上,150-200元/天,https://www.zhipin.com//job_detail/6ca4282f71113f8b1nN_39i9FFNY.html
206,206,腾讯,互联网,数据分析师,深圳·南山区·科技园,3-5年本科,互联网不需要融资10000人以上,12-18K,https://www.zhipin.com//job_detail/cebc2fc1a12003121nx429i6EFdV.html
207,207,亚声威格,互联网,亚马逊产品开发/选品/数据分析  可应届生,深圳·龙岗区·坂田,经验不限大专,互联网未融资500-999人,7-12K·13薪,https://www.zhipin.com//job_detail/0641a3917b0e6a6b1nR_2di8FldU.html
208,208,华为,计算机软件,数据分析与挖掘工程师,深圳·龙岗区·坂田,5-10年本科,计算机软件不需要融资10000人以上,25-45K·16薪,https://www.zhipin.com//job_detail/ad020c3c9fdcbc0e1nx43d-4GVJS.html
209,209,今日头条,移动互联网,数据分析师,深圳·南山区·南油,在校/应届本科,移动互联网不需要融资10000人以上,15-25K·18薪,https://www.zhipin.com//job_detail/7eb94d23ac4ac53c1n143tm-GFJV.html
210,210,货拉拉科技,互联网,数据分析实习生（HR方向）,深圳·福田区·梅林,4天/周3个月本科,互联网D轮及以上10000人以上,150-200元/天,https://www.zhipin.com//job_detail/c0e82a4e0b247d6e1nN_39u5FVpV.html
211,211,腾讯,互联网,数据分析师,深圳·南山区·科技园,5-10年本科,互联网不需要融资10000人以上,20-30K·15薪,https://www.zhipin.com//job_detail/b3b65938588582321nF629W6FVVS.html
212,212,货拉拉科技,互联网,数据分析师,深圳·福田区·梅林,3-5年本科,互联网D轮及以上10000人以上,13-16K·13薪,https://www.zhipin.com//job_detail/b24253566688ae951n183NW_GVVS.html
213,213,腾讯,互联网,高级BI数据分析师,深圳·南山区·科技园,3-5年学历不限,互联网不需要融资10000人以上,35-50K·15薪,https://www.zhipin.com//job_detail/2eddf088455b44511n1809-5FFFT.html
214,214,货拉拉科技,互联网,数据分析实习生（HR方向）,深圳·福田区·梅林,5天/周3个月本科,互联网D轮及以上10000人以上,100-150元/天,https://www.zhipin.com//job_detail/62b9a6b6cb512c5c1nBz2Ny7FlVT.html
215,215,腾讯,互联网,数据分析,深圳·南山区·科技园,1-3年本科,互联网不需要融资10000人以上,20-30K·16薪,https://www.zhipin.com//job_detail/c70c4b7c6e63a6171nV72d-1FFVR.html
216,216,腾讯,互联网,数据分析师,深圳·南山区·海岸城,1-3年硕士,互联网不需要融资10000人以上,20-40K·16薪,https://www.zhipin.com//job_detail/ecda0c669c560d711nB_3Nq5FFRQ.html
217,217,货拉拉科技,互联网,高级数据分析经理,深圳·龙岗区·坂田,5-10年本科,互联网D轮及以上10000人以上,30-60K,https://www.zhipin.com//job_detail/f6d571fe3bb08ce11n1_3N66EVBR.html
218,218,货拉拉科技,互联网,数据分析师,深圳·福田区·梅林,3-5年本科,互联网D轮及以上10000人以上,20-35K·14薪,https://www.zhipin.com//job_detail/3996a2d325ed62c01n183tu9F1BT.html
219,219,货拉拉科技,互联网,数据分析师,深圳·龙岗区·坂田,3-5年本科,互联网D轮及以上10000人以上,15-30K·14薪,https://www.zhipin.com//job_detail/a8a5873ce5a43a001n182d25ElBS.html
220,220,货拉拉科技,互联网,数据分析leader,深圳·福田区·梅林,5-10年本科,互联网D轮及以上10000人以上,20-40K,https://www.zhipin.com//job_detail/2fe1e866028d46511n1_0964F1RR.html
